id,cuisine
344373,French
233186,French
113876,Japanese
445310,French
306344,French
504797,Italian
477155,Italian
477155,Italian
114641,French
1201928,Italian
459325,French
209411,French
457944,Italian
353320,Italian
203165,Italian
1203431,Italian
532306,French
209400,French
271857,French
533424,Italian
548188,Italian
555556,Italian
555556,Italian
233191,Japanese
233191,Japanese
1154977,Chinese
1154977,Chinese
209404,Italian
263312,French
1200414,Italian
209387,Italian
209419,Japanese
209419,Japanese
489621,French
209466,Italian
209469,Italian
418672,Italian
209484,French
504837,French
1196711,Italian
532352,Italian
233197,French
1183784,Chinese
210988,French
380663,French
262790,French
214319,French
1154885,Chinese
564945,French
464112,French
1199118,Italian
1090812,Italian
476715,French
473953,French
210559,French
210557,Italian
1154819,Italian
209268,French
1205634,French
209267,French
1204273,French
532365,French
235699,French
440448,French
254390,Italian
210891,French
521438,French
1203200,Italian
548690,French
209257,French
532344,French
209588,French
438769,Italian
532308,French
493439,French
1205181,French
1202848,French
442620,Italian
209623,French
1192293,French
533444,French
533444,French
1199808,French
209154,French
1203601,French
1203601,French
254100,French
115269,French
209138,Italian
1191666,Chinese
1204888,French
493683,Chinese
557025,French
431231,Japanese
431231,Japanese
1199383,French
1199383,French
1090853,French
1191938,Italian
1203321,French
1198113,French
532329,Chinese
532329,Chinese
523867,French
263867,French
1194377,Italian
526280,French
1154892,Italian
393809,Chinese
404064,French
209736,French
1154860,French
400318,French
532328,French
269265,Japanese
1192190,French
502445,French
497826,French
450399,French
210192,French
466998,French
210161,French
1196784,French
211286,French
257473,French
210598,French
1164810,Italian
211018,French
386083,French
253119,French
259755,French
209665,French
1090861,French
1191377,French
471021,French
437442,French
437442,French
565464,French
324512,Italian
530565,Italian
210195,Chinese
478861,French
389226,French
386823,French
211158,Italian
527764,French
552519,French
211231,French
210162,French
210323,French
335607,French
266049,French
1200058,French
1200058,French
210501,Italian
1160137,French
1198265,French
485040,French
456120,French
259754,French
1196444,French
526979,French
236939,French
488679,French
209841,Italian
209841,French
1204106,French
1204106,French
381583,French
487119,French
472843,French
1193425,French
209953,French
433353,French
1200981,French
210164,French
209966,French
1197473,French
1197473,French
530784,French
212490,French
1185155,Italian
1190775,French
504919,French
209681,Italian
1154488,French
1184695,Italian
209609,French
471841,French
212316,French
499001,French
210428,French
313484,French
1164903,French
1195931,Italian
535205,French
426354,French
212314,French
1198477,French
209353,French
502446,French
527137,French
209348,Japanese
211405,French
551918,French
267262,French
518961,French
213771,French
210027,Italian
508014,Italian
458643,French
1201040,French
1201040,French
1200453,Italian
354449,French
1179714,French
548651,Italian
234365,French
473823,Italian
1203917,French
1203917,Italian
404066,French
210041,Italian
548650,French
509059,Italian
213798,French
506119,French
488719,French
382103,French
212760,French
486680,French
236778,French
212759,French
1204415,French
1204415,French
210095,Italian
212782,Italian
1154631,French
564863,French
1198299,French
527178,French
528808,French
1154969,Italian
212903,French
418090,French
1200686,French
209598,French
210112,French
1188023,French
427034,French
1102845,Chinese
1186177,Italian
563943,French
1189291,French
550279,French
209766,French
1154375,Italian
1090864,French
1200024,French
564223,French
212517,French
548415,Japanese
213055,French
214017,French
213023,French
210491,French
1203164,French
490970,French
422099,French
212741,French
213082,French
415610,French
210315,French
1185917,French
527098,French
210442,French
1198421,Italian
212615,Japanese
1192439,French
237371,French
509481,Italian
1191366,French
213768,Italian
470320,Japanese
460329,French
233128,French
472748,French
212989,Chinese
203196,French
463678,Chinese
468115,French
427174,French
212970,French
555655,French
1198597,French
1204777,French
471028,Italian
70660,French
1203522,French
1197055,French
2006,Italian
210455,French
458647,French
212865,French
212865,French
425341,French
548810,French
555915,French
210291,French
211541,French
506559,French
212363,French
212365,French
209823,French
70668,French
212933,French
1195911,French
1194624,French
532572,French
212531,French
213126,French
1199811,French
1204757,Italian
1205515,Japanese
1203090,Chinese
1205124,Japanese
1205919,Japanese
1203949,Japanese
1203949,Japanese
1206023,Japanese
1184101,Japanese
1204030,Italian
12976,Italian
1203850,Italian
1204505,Japanese
1204505,Japanese
1183519,Japanese
1202859,Italian
1184095,Italian
1199303,Japanese
1204656,Japanese
1201132,Italian
4460,French
1201196,Japanese
1205382,Italian
460388,French
270243,French
4455,French
473344,French
1191815,Japanese
396203,French
377693,French
4431,French
360942,Japanese
7361,French
396210,French
368131,French
516718,Japanese
325883,Japanese
40020,Italian
233882,Chinese
1204862,Italian
332345,Japanese
400465,Japanese
298066,Chinese
483379,Italian
1077225,Italian
1183533,Japanese
408600,Chinese
334573,Italian
535832,Japanese
5936,Italian
5924,Japanese
415310,Italian
542455,Italian
232528,Japanese
413857,Japanese
1203009,Japanese
115600,Italian
1198977,Italian
260596,Japanese
297624,Italian
504297,Italian
522788,Italian
407112,Japanese
407112,Japanese
1204870,Japanese
262215,Japanese
367790,French
262439,Japanese
507693,Italian
429961,Italian
514232,Japanese
445392,Italian
507816,Italian
525731,Italian
300866,Italian
122289,Italian
481959,French
5786,French
256680,Japanese
418733,Japanese
1197052,Japanese
119775,Japanese
1198370,Italian
900029,Japanese
165363,French
1198795,Japanese
1000288,Japanese
476258,Italian
1198447,Japanese
441222,Chinese
1196826,Italian
1000147,Japanese
1199507,Italian
1183818,Italian
1197082,Italian
1192647,Italian
1198448,Italian
1199286,Japanese
1186891,Chinese
1186891,Chinese
537981,Japanese
501304,Italian
534330,Italian
493880,Italian
119794,Japanese
1164840,Italian
1024422,French
376154,Japanese
1197161,Italian
1185154,French
537842,Japanese
417770,Italian
360822,Italian
1000233,Italian
1157229,Italian
292159,Italian
449126,Chinese
1000241,Italian
1197029,Japanese
1197029,Japanese
6481,Italian
1193570,Japanese
263293,Italian
1202069,Japanese
1205576,Chinese
1205394,Japanese
1199465,Japanese
156022,Italian
1206132,Italian
1205323,Italian
1204919,Italian
1204409,Japanese
1205093,French
1201548,Japanese
1204770,Japanese
1194962,French
1203990,Japanese
1205968,Italian
1206284,Italian
1204775,Japanese
1204760,Italian
1205766,Italian
1203883,Italian
1197313,Italian
1204874,Chinese
1204301,Chinese
390946,Italian
1204845,Italian
1204630,French
1205022,Japanese
1204207,Italian
1203560,Japanese
1202600,Italian
1202591,Italian
483336,Japanese
420692,Japanese
420698,Japanese
119441,French
108182,Japanese
517134,French
1194643,Italian
483335,Japanese
106394,Italian
1205271,French
1204329,Japanese
1204329,Japanese
1204309,Italian
1191057,Italian
1205377,Italian
1204313,Chinese
1204368,Chinese
1204103,Chinese
1204103,Chinese
1204115,Chinese
1204160,Chinese
1186751,Italian
1192305,Chinese
1186752,Chinese
1186796,Chinese
1186755,Chinese
1186817,Chinese
1186724,Chinese
1203639,Chinese
1203720,Chinese
1186799,Chinese
1186749,Chinese
1186793,Chinese
1186816,Chinese
1186700,Chinese
1203637,Chinese
1186812,Chinese
1186806,Chinese
1186688,Chinese
1186687,Chinese
1186719,Japanese
1186713,Chinese
1196672,Chinese
1186728,Chinese
1186802,Japanese
1186792,Chinese
1186803,Chinese
1186797,Chinese
1186736,Chinese
1186815,Chinese
1196639,Chinese
1186800,Chinese
1186800,Chinese
1186824,Chinese
1186794,Chinese
1192178,Chinese
1186689,Chinese
1186805,Chinese
1186714,Chinese
1186698,Italian
1186692,Chinese
1196616,Chinese
1203676,Chinese
1196741,Chinese
1196634,Japanese
1186754,Chinese
1192182,Chinese
1186821,Chinese
1196638,Chinese
1186690,Chinese
1203694,Chinese
1203723,Italian
1203678,Chinese
1186740,Chinese
1192322,Chinese
1186729,Chinese
1186808,Chinese
1186725,Chinese
1186707,Chinese
1186704,Chinese
1203610,Chinese
1203613,Chinese
1186743,Chinese
1186737,Chinese
1186748,Italian
1186723,Italian
1186711,Chinese
1203647,Chinese
1186822,Chinese
1186795,Chinese
1186823,Chinese
1186820,Chinese
1186696,Chinese
1186721,Chinese
1186706,Chinese
1186706,Chinese
1186814,Chinese
1186722,Chinese
1186697,Chinese
402263,French
506748,Chinese
570583,Chinese
506660,Chinese
1196323,Chinese
1203823,Chinese
506725,Chinese
563683,Italian
506679,Chinese
570571,Italian
506694,Chinese
506747,Chinese
537127,Chinese
563644,Italian
1192180,Chinese
506509,Chinese
1203893,Chinese
1203594,Chinese
1200089,Chinese
1196394,Chinese
570584,Chinese
570580,Chinese
570585,Chinese
506499,Chinese
563697,Chinese
506503,Chinese
1196349,Chinese
506502,Chinese
570577,Chinese
1204063,Chinese
1192044,Chinese
506523,Chinese
1203628,Chinese
506504,Chinese
1192208,Chinese
1196427,Chinese
1204071,Chinese
506731,Chinese
506513,Chinese
506743,Chinese
506699,Chinese
1203597,Chinese
1203566,Chinese
506537,Chinese
506537,Chinese
506535,Chinese
506733,Chinese
1204015,Chinese
563684,Chinese
506690,Chinese
506746,Chinese
506689,Chinese
1192085,Chinese
1203785,Chinese
1196426,Chinese
506719,Chinese
506532,Chinese
506532,Chinese
1192189,Chinese
506534,Chinese
506693,Italian
506739,Chinese
506682,Chinese
570569,Chinese
1200472,Chinese
1192026,Chinese
1196388,Chinese
506737,Chinese
1204075,Chinese
1204075,Chinese
570629,Chinese
506522,Chinese
563663,Chinese
570570,Italian
563687,Chinese
1192205,Chinese
563694,Chinese
1196455,Chinese
1200248,Chinese
1200248,Chinese
1196389,Chinese
506510,Chinese
506736,Chinese
506732,Chinese
506692,Chinese
506714,Chinese
506711,Italian
563693,Chinese
506738,Chinese
506688,Chinese
570576,Chinese
506524,Chinese
1203590,Chinese
1200343,Italian
1203592,Chinese
570572,Chinese
563698,Chinese
506691,Chinese
506713,Chinese
506686,Chinese
537128,Chinese
563692,Italian
537026,Chinese
506702,Italian
1203659,Chinese
1202417,Chinese
1202146,Japanese
1201742,Japanese
1201792,Chinese
1201739,Chinese
1203753,Chinese
1202375,Italian
1202164,Chinese
1201740,Chinese
1201710,Chinese
1203699,Japanese
1201743,Japanese
1202078,Chinese
1201777,Chinese
1193490,Japanese
1188716,Italian
1203979,Japanese
1203979,Japanese
1204051,Japanese
1204051,Japanese
1203759,Japanese
1202076,Italian
1200920,Japanese
1198124,Italian
1198124,Italian
1184667,Japanese
1184667,Japanese
1199633,Japanese
1185759,Chinese
1185759,Chinese
1201338,Japanese
1197860,Japanese
1197860,Japanese
500743,Japanese
500743,Japanese
1185725,Chinese
564425,Chinese
560077,Japanese
560077,Japanese
559857,Italian
566610,Chinese
1186504,Italian
1183606,Japanese
1183606,Japanese
568026,Italian
559885,Chinese
559885,Chinese
1202005,Japanese
560073,Japanese
564450,Italian
559864,Chinese
559887,Chinese
559887,Chinese
471922,Japanese
471922,Japanese
1186509,Japanese
1186509,Japanese
560031,Italian
395071,Japanese
395071,Japanese
1183570,Japanese
1183570,Japanese
559641,Japanese
559641,Japanese
122548,Italian
468661,Japanese
178248,Italian
123501,Italian
569595,Chinese
569595,Chinese
1183608,Japanese
1183608,Japanese
1184784,Chinese
1184784,Chinese
559613,Italian
534912,Italian
564084,Italian
437015,Chinese
437015,Chinese
569496,Italian
558685,Japanese
471927,Japanese
471927,Japanese
1204087,Japanese
1204087,Japanese
1201336,Japanese
1197445,Japanese
569495,Italian
559415,Japanese
503275,Japanese
569779,Japanese
569779,Japanese
559813,Italian
559884,Italian
559895,Chinese
559895,Chinese
559400,Italian
559365,Japanese
559830,Italian
1184776,Japanese
1184776,Japanese
503276,Japanese
559850,Japanese
559850,Japanese
559384,Japanese
559384,Japanese
559603,Japanese
559603,Japanese
477464,Japanese
477464,Japanese
503589,Italian
503271,Chinese
498296,Japanese
1202646,Japanese
1202646,Japanese
560087,Japanese
560087,Japanese
568334,Japanese
1197342,Chinese
1202491,Japanese
1202491,Japanese
1200631,Italian
1191574,Japanese
1191574,Japanese
1196852,Japanese
1188075,French
1186029,Japanese
325321,Italian
1199610,Italian
569604,Chinese
569866,Japanese
569866,Japanese
122601,Italian
326375,Japanese
566085,Japanese
566085,Japanese
558699,Italian
564091,Italian
560086,Japanese
560086,Japanese
1186259,Chinese
1186259,Chinese
1184640,Italian
569802,Japanese
122694,Chinese
122694,Chinese
1183589,Japanese
1183589,Japanese
178161,Italian
1184662,Chinese
1184662,Chinese
1184656,Japanese
1184656,Japanese
559663,Italian
1185662,Italian
122472,Japanese
122472,Japanese
437020,Japanese
1189128,Italian
1189167,Japanese
1189167,Japanese
559827,Italian
564444,Chinese
439933,Japanese
439933,Japanese
1186441,Italian
470221,Japanese
470221,Japanese
1183906,Italian
260465,Italian
445329,Chinese
569501,Japanese
562960,Japanese
562960,Japanese
560096,Japanese
560096,Japanese
564723,Japanese
559644,Japanese
473925,Chinese
1186758,Japanese
1186758,Japanese
569867,Chinese
569867,Chinese
212058,Italian
562943,Italian
1184382,Japanese
1184382,Japanese
445372,Japanese
445372,Japanese
498289,Japanese
498289,Japanese
500746,Italian
1185640,Chinese
1185640,Chinese
1184742,Italian
1186559,Japanese
122592,Italian
559607,Japanese
1195403,Japanese
1195403,Japanese
564470,Italian
562944,Italian
1186231,Japanese
1186231,Japanese
560074,Italian
524104,Japanese
569777,Chinese
569777,Chinese
559643,Italian
564432,Italian
559369,Chinese
569803,Chinese
569803,Chinese
1190252,Italian
338328,Chinese
338328,Chinese
283968,Japanese
1184410,Chinese
1184410,Chinese
1184023,Italian
564454,Italian
1183792,Italian
559656,Italian
559622,Italian
559891,Chinese
559891,Chinese
365866,Chinese
365866,Chinese
1190989,Japanese
568041,Chinese
568041,Chinese
1189550,Italian
560042,Japanese
560042,Japanese
1190305,Japanese
437035,Italian
1193601,Japanese
1193601,Japanese
1191259,Japanese
1191259,Japanese
1190726,Japanese
1190726,Japanese
1194407,Chinese
1194722,Chinese
1194722,Chinese
1195793,Japanese
1195793,Japanese
559634,Italian
1191264,Japanese
1191264,Japanese
1194626,Japanese
1194626,Japanese
1195879,Chinese
1195879,Chinese
1185960,Italian
1185273,Italian
1190724,Japanese
1190724,Japanese
1190961,Italian
1195332,Japanese
1195332,Japanese
1189417,Chinese
1188592,Japanese
260262,Italian
1202419,Italian
1202592,Italian
1195378,Chinese
1194310,Chinese
566296,Italian
547024,Japanese
566294,Italian
1194910,Italian
1185019,Chinese
566290,Japanese
1157223,Italian
1192297,Italian
547588,Chinese
1195211,Chinese
1201612,Chinese
1195545,Italian
1194930,Italian
1194882,Italian
1200078,Italian
1195075,Japanese
1186366,Chinese
565726,Italian
565717,Italian
546994,Italian
566236,Chinese
1194329,Japanese
566266,Japanese
1199628,Italian
547065,Japanese
566270,Japanese
565704,Italian
1184431,Chinese
546945,Japanese
546920,Italian
546911,Chinese
546906,Italian
1202362,Japanese
1202507,Japanese
1202081,Japanese
1201573,Japanese
1201273,Japanese
1200875,Japanese
1200386,Chinese
1185113,Italian
1201943,Japanese
1201177,Italian
1199701,Japanese
523766,Italian
530390,Japanese
500442,Japanese
1196608,Japanese
216832,Italian
217054,Japanese
524981,Italian
471281,Japanese
1199689,Japanese
503170,Japanese
564403,Japanese
303784,Japanese
492581,Japanese
530298,Japanese
1154968,Japanese
1193680,Japanese
1160009,Japanese
1186274,Italian
297685,Japanese
1197782,Japanese
1196937,Japanese
440747,Japanese
67656,Japanese
67720,Japanese
363082,Japanese
1194958,Japanese
1186907,Japanese
1186907,Japanese
1196587,Japanese
1191122,Italian
1190802,Japanese
1190851,Japanese
1090770,Japanese
1195113,Japanese
1190457,Japanese
235325,Italian
524825,Japanese
1192186,Italian
1192594,Chinese
221185,Japanese
534524,Italian
481000,Japanese
481019,Japanese
1090877,Japanese
1196985,Japanese
228155,Japanese
489642,Japanese
1202744,Chinese
1201789,Japanese
1200919,Japanese
1200934,Japanese
1200633,Japanese
1195653,Japanese
1193927,Japanese
1200292,Japanese
1199615,Chinese
1193961,Japanese
1195369,Japanese
1193929,Japanese
1193921,Japanese
1194113,Chinese
1193968,Japanese
1194108,Japanese
1194097,Japanese
1194123,Japanese
1194034,Japanese
1194114,Japanese
1194245,Italian
1193882,Italian
1193852,Chinese
1194116,Japanese
1200339,Japanese
1200087,Chinese
1193878,Japanese
1194230,Italian
1194161,Italian
1194033,Japanese
1194036,Italian
1194141,Japanese
1194125,Japanese
1193948,Italian
1193942,Japanese
1201836,Italian
1194103,Japanese
1194153,Italian
1199711,Italian
1199632,Chinese
1193899,Japanese
1194057,Chinese
1193966,Chinese
1202541,Japanese
1194004,Japanese
1194051,Japanese
1194043,Japanese
1194024,Chinese
1194201,Chinese
1193952,Japanese
1201866,Italian
1201720,Japanese
1196297,Japanese
1194065,Japanese
1194100,Japanese
1199370,Japanese
1200145,Japanese
1194143,Japanese
1194050,Japanese
1194030,Japanese
1194129,Japanese
1194026,Japanese
1194115,Japanese
1194028,Japanese
1194197,Japanese
1193834,Japanese
1194099,Japanese
1193916,Chinese
1194005,Japanese
1194160,Italian
1194159,Italian
1194081,Japanese
1194035,Japanese
1194052,Japanese
1193964,Chinese
1195343,Japanese
1196380,Japanese
1201658,Japanese
1201197,Japanese
1200596,Italian
1194096,Japanese
1193830,Japanese
1200357,Japanese
1200230,Japanese
1200221,Japanese
1193873,Japanese
1193962,Japanese
1193879,Japanese
1193974,Japanese
1194018,Japanese
1194017,Japanese
1194126,Japanese
1201689,Japanese
1200411,Japanese
1193883,Chinese
1194062,Japanese
1196609,Japanese
1194154,Italian
1194022,Japanese
1193971,Japanese
1194200,Japanese
1194029,Japanese
1194046,Japanese
1194121,Japanese
1193943,Japanese
1202086,Japanese
1200569,Italian
1195780,Japanese
1195301,Japanese
1194038,Japanese
1195320,Japanese
1199822,Japanese
1194252,Japanese
1194061,Japanese
1194063,Japanese
1194055,Chinese
1193941,Italian
1194021,Japanese
1202736,Chinese
1201692,Japanese
1196339,Japanese
1194232,Japanese
1193933,Japanese
1193911,Japanese
1193892,Japanese
1193898,Japanese
1195450,Japanese
1193992,Japanese
1194105,Chinese
1194011,Japanese
1194058,Chinese
1193896,Japanese
1194176,Japanese
1194162,Italian
1194119,Japanese
1194027,Japanese
1194020,Japanese
1195371,Japanese
1193931,Japanese
1193897,Japanese
1193908,Japanese
1193902,Japanese
1195279,Chinese
1194171,Japanese
1194012,Japanese
1194066,Japanese
1194189,Japanese
1194009,Japanese
1195625,Italian
1193950,Chinese
1193928,Chinese
1194224,Japanese
1193863,Japanese
1193866,Japanese
1195656,Japanese
1193918,Japanese
1193919,Japanese
1193988,Japanese
1194188,Japanese
1194225,Japanese
1193924,Japanese
1195644,Japanese
1193848,Italian
1194080,Japanese
1194168,Italian
1193993,Japanese
1194180,Japanese
1196218,Japanese
1193925,Japanese
1195324,Italian
1195628,Japanese
1193891,Japanese
1194008,Japanese
1194177,Japanese
1194006,Japanese
1193990,Japanese
1193824,Japanese
1193915,Chinese
1193851,Italian
1193844,Japanese
1193944,Japanese
1193887,Japanese
1193845,Japanese
1194259,Japanese
1193895,Japanese
1195319,Italian
1193838,Japanese
1193923,Japanese
1194186,Japanese
1195635,Japanese
1193983,Japanese
1193999,Japanese
1196251,Japanese
1194220,Italian
1193839,Italian
1195746,Japanese
1193906,Japanese
1195299,Japanese
1195439,Chinese
1194000,Japanese
1194098,Japanese
1194135,Japanese
1194173,Japanese
1194169,Japanese
1193997,Japanese
1193963,Japanese
1193820,Japanese
1193822,Chinese
1194205,Japanese
1193826,Japanese
1193926,Japanese
1193900,Japanese
1195322,Japanese
1193985,Chinese
1194015,Japanese
1194185,Japanese
1194101,Japanese
1194003,Japanese
1193959,Japanese
1193965,Chinese
1193859,Japanese
1195562,Japanese
1194222,Italian
1194215,Italian
1193862,Chinese
1193991,Japanese
1194178,Japanese
1194184,Chinese
1194002,Japanese
1194172,Japanese
1194088,Italian
1194155,Japanese
1194133,Japanese
1193994,Japanese
1193831,Japanese
1193825,Japanese
1193819,Japanese
1197076,Japanese
1203246,Italian
1203295,Japanese
1195665,Italian
1201263,Italian
514819,Chinese
514821,Chinese
1202471,Japanese
517954,Italian
515235,Japanese
1196536,Chinese
1202704,Chinese
1204102,Italian
1204061,Chinese
1202706,Italian
1204060,Chinese
1202514,Japanese
1202606,Italian
1203766,Italian
1202258,Italian
1201434,Italian
1200586,Italian
1200625,Italian
1200065,Italian
1200028,Italian
1200028,Italian
1199710,Italian
1199653,Italian
1203075,Italian
1201985,Japanese
1201359,Italian
1200616,Italian
1201795,Italian
1201435,Italian
1201567,Italian
1201542,Italian
1201537,Italian
1200891,Japanese
1200906,Italian
1199953,Italian
1199709,Italian
1184331,Italian
1183806,Japanese
526598,Italian
1157209,Italian
1183910,Italian
1192191,Italian
1184432,Italian
1179776,Italian
1199094,Japanese
1198468,Italian
1196895,Italian
163367,Italian
1198510,Italian
1198497,Italian
1085221,Italian
1185733,Italian
1197757,Italian
1090915,Italian
1185114,Italian
534264,Italian
558763,Italian
1057755,Italian
383564,Italian
266925,Italian
525836,Italian
443330,Japanese
1154920,Italian
1183672,Italian
1154535,Italian
1196955,Italian
1199033,Italian
1154802,Italian
1196313,Italian
1192240,Italian
1197003,Italian
1194516,Italian
1184623,Italian
496136,Italian
145911,Italian
1154401,Chinese
1154401,Chinese
1186040,Italian
529222,Italian
352879,Italian
473084,Italian
365827,Italian
1154958,Italian
1181341,Italian
1197903,Italian
1183678,Italian
1184879,Italian
1198506,Italian
1198109,Italian
157087,Italian
1196677,Italian
1090788,Italian
1189956,Italian
1193538,Italian
1186296,Italian
1184621,Japanese
1186042,Japanese
1184983,Italian
171873,Japanese
392630,Italian
134313,Italian
133076,Italian
563002,Italian
478378,Chinese
313404,Chinese
132874,Italian
254942,Japanese
1196095,Italian
1196095,Italian
1193443,Italian
1190763,Chinese
1190763,Chinese
147261,Italian
1192021,Italian
1102817,Italian
420651,Italian
1077242,Italian
555014,Italian
125428,Italian
1189499,Italian
1102813,Italian
1077267,Italian
423399,Italian
366016,Italian
392508,Italian
159609,Italian
1196116,Italian
1196116,Japanese
1194441,Italian
1160060,Italian
1190427,Italian
161611,Italian
390246,Italian
132024,Italian
1192795,Italian
1195340,Italian
1194678,Italian
1190424,Japanese
1160052,Italian
504897,Italian
1077246,Italian
1189927,Italian
1191923,Italian
132431,Italian
161442,Italian
282761,Italian
450541,Italian
526943,Italian
1197632,Italian
553542,Italian
450960,Chinese
150033,Italian
128950,Italian
265702,Italian
125075,Italian
1193701,Italian
557019,Japanese
281060,Italian
1195242,Italian
1196139,Italian
399228,Italian
275053,Italian
1197135,Italian
471622,Italian
1195274,Japanese
1195831,Italian
1193740,Japanese
1194924,Italian
1195104,Italian
1191653,Italian
1193689,Italian
234519,Italian
131746,Italian
1077224,Italian
131657,Italian
365804,Italian
1157241,Italian
459548,Italian
560894,Italian
123787,Italian
125150,Italian
131948,Italian
505518,Italian
524171,Italian
522793,Italian
311344,Italian
380964,Italian
174723,Italian
132267,Italian
130643,Italian
159174,Italian
159174,French
397740,Italian
127812,Italian
469744,Italian
168135,Italian
328458,Italian
127777,Italian
262270,Italian
1186304,Italian
172550,Italian
172550,Italian
469217,Japanese
469217,Japanese
1190136,Italian
564423,Italian
155311,Italian
147321,Italian
128393,Italian
530171,Italian
494654,Italian
395380,Italian
360842,Italian
384683,Italian
1186465,Italian
325036,Italian
325036,Italian
126841,Italian
127814,Italian
374591,Italian
478858,Italian
508999,Italian
396143,Italian
161112,Italian
354428,Italian
1189157,Italian
532405,Italian
417170,Italian
453239,Italian
325766,Italian
149567,Italian
154574,Italian
163547,Italian
157117,Italian
176584,Italian
525834,Italian
455950,Italian
163546,Italian
157188,Italian
234904,Italian
160284,Italian
150129,Italian
150113,Italian
356258,Italian
163990,Italian
157751,Italian
556135,Italian
153614,Italian
530282,Italian
163920,Italian
237488,Italian
157550,Italian
125673,Italian
352149,Italian
464302,Chinese
201533,Italian
159989,Italian
533893,Italian
151300,Italian
365583,Italian
206124,Italian
376090,Italian
492424,Italian
162485,Italian
145448,Italian
460826,Italian
148951,Italian
156072,Italian
167020,Italian
69160,Italian
499002,Italian
156181,Italian
164817,Italian
148748,Italian
142761,Italian
397737,Italian
147741,Italian
430027,Italian
157128,Italian
153847,Italian
178061,Italian
264875,Italian
137669,Italian
499729,Italian
157107,Italian
149753,Italian
551280,Italian
69254,Italian
493230,Chinese
195438,Italian
548490,Italian
556096,Italian
145665,Italian
132766,Italian
175146,Italian
393940,Italian
162099,Italian
135676,Italian
361563,Italian
367674,Italian
437287,Italian
161857,Italian
151884,Italian
367677,Italian
470822,Chinese
522881,Italian
137662,Italian
487299,Italian
139707,Italian
536046,Italian
135706,Italian
503782,Italian
138694,Italian
557000,Italian
367713,Italian
402049,Italian
252755,Italian
503771,Italian
298424,Italian
159761,Italian
175797,Japanese
135786,Italian
139594,Italian
135632,Italian
164741,Italian
560913,Italian
133389,Italian
160079,Italian
162639,Italian
147122,Italian
501738,Italian
159451,Italian
160100,Italian
399334,Italian
177395,Japanese
130182,Italian
161932,Italian
160082,Italian
496006,Italian
417950,Italian
159390,Italian
357984,Italian
206976,Italian
141150,Italian
311724,Japanese
547049,Italian
1201480,Italian
1203100,Japanese
1203100,Japanese
1202557,Chinese
1198926,Chinese
1200776,Italian
1200760,Italian
1198961,Italian
1200305,Chinese
1200305,Chinese
1200270,Italian
1200761,Italian
1198929,Japanese
1198929,Japanese
1198922,Chinese
1203101,Italian
1200482,Japanese
1200482,Japanese
1198875,Japanese
1198869,Chinese
1198869,Chinese
1200506,Italian
1200303,Chinese
1200303,Chinese
1198964,Italian
1198920,Chinese
1198920,Chinese
1198887,Japanese
1196295,Chinese
1196289,Chinese
1196246,Chinese
1196460,Chinese
1196736,Chinese
1196667,Chinese
1204153,Chinese
1196216,Chinese
1196312,Chinese
1196310,Chinese
1196567,Italian
1196350,Chinese
1196566,Chinese
1196226,Chinese
1196605,Chinese
1196319,Chinese
1196352,Chinese
1196585,Chinese
1196275,Chinese
1196236,Chinese
1196568,Chinese
1196321,Chinese
1196322,Chinese
1196362,Chinese
1196136,Chinese
1196213,Chinese
1196249,Chinese
1196243,Chinese
1196343,Chinese
1196343,Chinese
1196263,Chinese
1196235,Chinese
1204158,Chinese
1196228,Chinese
1196222,Chinese
1196276,Chinese
1204195,Chinese
1196355,Chinese
1196704,Chinese
1196637,Chinese
1196199,Chinese
1196150,Chinese
1196250,Chinese
1196282,Chinese
1204157,Chinese
1203248,Japanese
1202794,Italian
1191496,Italian
1195783,French
1195776,Italian
179799,French
179000,French
195973,French
184444,Italian
1195873,French
179797,French
178813,French
171989,Italian
114228,French
384903,Italian
181016,Italian
114290,Italian
1190997,Japanese
1191362,French
1193699,French
1154711,Italian
528088,French
430422,Japanese
207987,Italian
180210,French
180271,French
1192164,French
179829,French
1190877,Japanese
178829,French
389628,Japanese
1192226,Italian
393084,Italian
114401,French
1191539,French
1154949,French
179570,Italian
310686,French
179751,French
183647,French
114640,Chinese
179527,French
179509,French
521721,Italian
183851,Chinese
183851,Chinese
256814,Italian
473933,Italian
179051,French
206060,Japanese
185773,Italian
1196434,Italian
255735,Italian
184390,French
1190920,Italian
184038,French
114146,French
1190998,French
178700,French
1190872,Japanese
381244,Italian
179168,French
172081,French
184164,French
178951,French
1186242,French
1154587,French
1190928,French
184095,Italian
179154,French
179173,Italian
180354,French
184321,French
517610,Italian
258438,French
180139,French
179577,French
557911,Italian
183724,French
178764,French
293821,Italian
214169,French
179729,French
182695,French
181374,Japanese
181374,Japanese
184233,French
179187,French
178769,French
491677,French
492259,Italian
180754,Italian
556991,Italian
184640,French
491673,French
206058,Japanese
172004,French
1201826,French
181362,French
181741,Japanese
180157,French
427303,French
180366,French
521627,French
509622,French
517607,Italian
184191,Italian
181500,French
114390,French
182422,Italian
114572,French
184442,French
426938,Italian
184320,French
499180,Italian
522264,Japanese
179242,Italian
183627,French
114599,French
1200235,Italian
183628,French
114414,French
179444,French
114026,Japanese
426743,French
1201700,Italian
1200388,Italian
181904,French
114590,French
114403,French
394628,French
562465,Japanese
1201648,French
113965,French
499182,French
1203069,Italian
1202117,Italian
1200022,French
1199889,Italian
179910,French
179638,French
1200538,Italian
1200538,French
180165,Italian
1200298,Italian
1203402,Italian
565633,Italian
548119,Italian
1195338,Japanese
1199429,Japanese
1199528,Japanese
548090,Italian
565621,Japanese
511872,Italian
570672,Chinese
1192589,Japanese
1199321,Japanese
511858,Japanese
570664,Italian
548111,Japanese
511952,Chinese
1194907,French
1194866,Italian
1195189,Italian
1195424,Japanese
565605,Japanese
570656,Japanese
548113,Japanese
512021,Japanese
511969,Japanese
512022,Japanese
512032,Chinese
1195100,Japanese
1192590,Japanese
1195257,Chinese
511960,Chinese
570669,Chinese
511864,Chinese
548130,Italian
565625,Japanese
512043,Chinese
565613,Chinese
570655,Japanese
1192574,Japanese
1194920,French
548112,Japanese
511943,Chinese
570670,Japanese
1202792,Japanese
1195518,Japanese
1202456,Japanese
1195520,Japanese
1199296,Italian
1184912,Chinese
1184912,Chinese
497356,Italian
1192103,Japanese
1192103,Japanese
1192081,Japanese
1192081,Japanese
1192807,Japanese
1192807,Japanese
1184937,Italian
1185036,Chinese
1165374,Italian
1164868,Chinese
1164868,Chinese
1184894,Japanese
257531,Chinese
257531,Chinese
1190720,Chinese
1190720,Chinese
1160074,Chinese
1160074,Chinese
1184276,Italian
1185939,Chinese
1185033,Japanese
1188049,Italian
1185337,Italian
1185037,Japanese
1185037,Japanese
1191713,Italian
1194304,Italian
1195053,Italian
1194745,Chinese
1194745,Chinese
1193515,Chinese
1184914,Japanese
1191195,Japanese
1191195,Japanese
1186322,Japanese
1186322,Japanese
1191061,Japanese
1191061,Japanese
1179835,Italian
1191604,Italian
1191064,Chinese
1191064,Chinese
557609,Japanese
368540,Italian
1192465,Italian
1191925,Italian
1190990,Italian
554186,Italian
554183,Chinese
554183,Chinese
335728,Italian
468335,Italian
69841,Japanese
69841,Japanese
1184219,Italian
510100,Japanese
510100,Japanese
557608,Chinese
557608,Chinese
405985,Italian
270950,Chinese
270950,Chinese
526435,Italian
526435,Italian
537829,Japanese
537829,Japanese
554179,Chinese
554179,Chinese
562513,Japanese
562513,Japanese
442177,Japanese
442177,Japanese
559028,Italian
468079,Italian
504290,Chinese
504290,Chinese
67272,Japanese
67272,Japanese
113410,Italian
534310,Italian
497312,Italian
1164836,Chinese
1164836,Chinese
1164895,Japanese
1164895,Japanese
1183937,Italian
335731,Italian
554174,Italian
404292,Italian
554162,Italian
435807,Italian
435417,Italian
1190722,Japanese
441660,Japanese
195773,Japanese
554177,Italian
1184246,Italian
1164774,Italian
1164774,Italian
537830,Japanese
537830,Japanese
369680,Chinese
369680,Chinese
472172,Chinese
472172,Chinese
67267,Italian
442989,Italian
259127,Italian
67524,Chinese
67524,Chinese
554178,Italian
554185,Italian
67403,Italian
524021,Chinese
69756,Japanese
69756,Japanese
113348,Chinese
113348,Chinese
1186787,Japanese
557198,Japanese
557198,Japanese
208890,Italian
69153,Japanese
69153,Japanese
554181,Chinese
554181,Chinese
442993,Italian
259128,Italian
554172,Chinese
510087,Italian
529580,Japanese
476455,Japanese
476455,Japanese
331705,Italian
499982,Chinese
499982,Chinese
1190122,Chinese
1190122,Chinese
1181420,Italian
184993,Japanese
184993,Japanese
1190453,Japanese
1190453,Japanese
476476,Japanese
186021,Italian
113430,Italian
283680,Italian
435810,Japanese
435810,Japanese
500685,Italian
562510,Japanese
562510,Japanese
510102,French
270933,Japanese
270933,Japanese
67900,Italian
510095,Italian
510088,Japanese
360555,Italian
69537,Japanese
1184217,Italian
1188115,Italian
122742,Italian
563202,Italian
554180,Chinese
554180,Chinese
366489,Japanese
510090,Japanese
510090,Japanese
67279,Japanese
67279,Japanese
1184433,Japanese
1181434,Chinese
564703,Japanese
564703,Japanese
112771,Chinese
112771,Chinese
1201601,Chinese
1200678,Italian
1186771,Italian
1197831,Chinese
1179797,Italian
1201767,Japanese
1201767,Japanese
1201332,Italian
1202039,Chinese
1196913,Italian
1196916,Italian
1197457,Japanese
1197457,Japanese
1199214,Japanese
1198444,Japanese
1198444,Japanese
1197474,Japanese
1197474,Japanese
1197301,Japanese
1197301,Japanese
1197407,Italian
1197407,Italian
1201918,Japanese
1201563,Japanese
1201112,Italian
1193196,Japanese
1193027,Japanese
1193082,Japanese
1193089,Japanese
1193054,Japanese
1193206,Japanese
1193128,Japanese
1201987,Japanese
1201520,Japanese
1201127,Japanese
1192921,Japanese
1192956,Japanese
1201547,Japanese
1201634,Japanese
1201111,Japanese
1192967,Japanese
1196392,Japanese
1193060,Japanese
1201274,Japanese
1193169,Japanese
1193103,Japanese
1193167,Japanese
1192998,Japanese
1194307,Japanese
1194687,Italian
1192881,Japanese
1192974,Japanese
1192980,Japanese
1193046,Chinese
1193056,Japanese
1193227,Japanese
1193179,Japanese
1192886,Italian
1193052,Chinese
1192970,Japanese
1193053,Japanese
1193176,Japanese
1193170,Japanese
1193100,Japanese
1193171,Japanese
1193257,Japanese
1192872,Japanese
1192880,Japanese
1201502,Chinese
1201134,Japanese
1192919,Chinese
1193810,Japanese
1193006,Japanese
1192996,Japanese
1192982,Japanese
1201097,Japanese
1201061,Italian
1200988,Japanese
1200956,Japanese
1192900,Japanese
1193244,Italian
1192973,Japanese
1192961,Japanese
1192934,Japanese
1193042,Japanese
1193178,Japanese
1193231,Japanese
1193232,Japanese
1193284,Italian
1193155,Japanese
1193101,Italian
1192955,Japanese
1193055,Japanese
1193076,Japanese
1195577,Japanese
1192898,Japanese
1193222,Japanese
1193068,Japanese
1193019,Japanese
1192979,Japanese
1192909,Japanese
1192958,Japanese
1192877,Japanese
1193013,Japanese
1193181,Japanese
1195171,Japanese
1193180,Japanese
1201042,Chinese
1200974,Japanese
1193270,Japanese
1195203,Japanese
1195186,Italian
1192879,Japanese
1195151,Japanese
1193219,Japanese
1193102,Chinese
1193185,Japanese
1193260,Japanese
1192942,Chinese
1192960,Japanese
1193001,Japanese
1192882,Japanese
1195170,Chinese
1193271,Japanese
1192927,Japanese
1193114,Japanese
1193072,Italian
1192981,Japanese
1193018,Japanese
1192947,Japanese
1193110,Japanese
1201914,Japanese
1193150,Japanese
1195420,Chinese
1201259,Japanese
1193086,Japanese
1193049,Japanese
1192913,Japanese
1193157,Chinese
1193099,Japanese
1193063,Japanese
1195375,Italian
1195197,Chinese
1193071,Japanese
1193090,Chinese
1193025,Japanese
1195429,Japanese
1192887,Japanese
1192992,Japanese
1192893,Japanese
1192972,Japanese
1192988,Japanese
1192905,Japanese
1193282,Japanese
1192901,Japanese
1195188,Japanese
1193267,Japanese
1193011,Japanese
1192994,Italian
1193116,Italian
1193036,Japanese
1192910,Japanese
1192936,Japanese
1193034,Italian
1193051,Japanese
1192971,Chinese
1193194,Japanese
1193283,Japanese
1193024,Chinese
1193193,Japanese
1193184,Italian
1192937,Japanese
1193277,Japanese
1192876,Japanese
1192884,Japanese
1193275,Italian
1195168,Japanese
1193218,Japanese
1193122,Japanese
1195576,Japanese
1193189,Japanese
1193088,Japanese
1193067,Japanese
1195180,Japanese
1193123,Japanese
1192964,Chinese
1192897,Japanese
1193069,Japanese
1193163,Japanese
1193266,Japanese
1193274,Japanese
1192945,Japanese
1192951,Japanese
1192878,Japanese
1195185,Japanese
1193187,Japanese
1193177,Japanese
1201018,Japanese
1200979,Japanese
1195587,Italian
1192892,Japanese
1193192,Japanese
1193191,Japanese
1193291,Italian
1193182,Japanese
1193199,Italian
1192969,Japanese
1195150,Japanese
1193207,Japanese
1194638,Italian
1194638,Italian
1192907,Japanese
1193269,Japanese
1192899,Japanese
1193256,Japanese
1193173,Japanese
1193012,Japanese
1193272,Japanese
1192939,Japanese
1195263,Japanese
1193268,Japanese
1192922,Japanese
1192933,Japanese
1193148,Chinese
1192924,Japanese
1193209,Chinese
1192926,Japanese
1201095,Italian
1192891,Japanese
1192894,Japanese
1193198,Japanese
1193243,Japanese
1192962,Japanese
1192959,Japanese
1192930,Japanese
1192914,Japanese
1193225,Japanese
1193229,Japanese
1193230,Japanese
1192989,Japanese
1193058,Japanese
1192983,Japanese
1193195,Japanese
1193183,Japanese
1193172,Japanese
1193083,Japanese
1192954,Japanese
1192928,Japanese
1192871,Japanese
1192963,Japanese
1192948,Japanese
1192993,Chinese
1193166,Japanese
1195215,Japanese
1193259,Japanese
1193043,Japanese
1193098,Italian
1193041,Japanese
1192991,Japanese
1193094,Japanese
1192932,Japanese
1193096,Japanese
1193162,Japanese
1192923,Japanese
1195143,Japanese
1192874,Japanese
1192986,Japanese
1192957,Japanese
1193134,Japanese
1192903,Italian
1193021,Japanese
1193113,Japanese
1193147,Japanese
1192950,Japanese
1202490,Italian
1201396,Italian
1201133,Japanese
1200936,Chinese
1200467,Italian
1202350,Japanese
1202350,Japanese
1200438,Italian
1200438,Italian
1201734,Italian
1200449,Italian
1201452,Italian
1201787,Japanese
1201787,Japanese
1200368,Japanese
1200439,Italian
563623,Japanese
563623,Japanese
1198946,Japanese
1201771,Chinese
1200366,Japanese
1200540,Italian
565367,Italian
1200365,Japanese
549358,Italian
549358,Italian
549405,Italian
1179707,Japanese
1193778,Chinese
1193763,Chinese
1193776,Chinese
1193773,Chinese
550908,Italian
550801,Japanese
1193667,Italian
550803,Chinese
550772,Chinese
550706,Chinese
1193707,Chinese
1194362,Chinese
1194362,Chinese
551802,Chinese
550702,Italian
1193710,Japanese
550738,Japanese
550861,Chinese
1191642,Japanese
550783,Chinese
569923,Chinese
1193664,Chinese
1194343,Japanese
1193644,Japanese
1193571,Chinese
569913,Chinese
1194319,Chinese
550860,Chinese
550775,Chinese
551841,Chinese
569924,Chinese
550818,Chinese
550737,Japanese
550799,Japanese
1188675,Chinese
569917,Chinese
569907,Chinese
569918,Chinese
569912,Italian
550903,Chinese
550767,Chinese
1189434,Chinese
550725,Chinese
550899,Japanese
1189496,Chinese
551803,Chinese
1194393,Chinese
551098,Chinese
550918,Chinese
550713,Chinese
1189491,Japanese
569926,Japanese
1189335,Chinese
1199646,Chinese
569908,Chinese
569911,Chinese
551801,Japanese
551804,Chinese
551799,Japanese
1189251,Chinese
1198713,Chinese
1199106,Chinese
550901,Chinese
550901,Chinese
1189380,Chinese
551698,Chinese
569905,Chinese
569932,Chinese
569922,Chinese
569921,Japanese
551660,Chinese
1189387,Chinese
1199490,Japanese
1194356,Japanese
1190374,Japanese
550718,Chinese
569935,Japanese
550721,Chinese
550782,Chinese
1189305,Chinese
1189131,Chinese
1188657,Japanese
1188600,Chinese
1189282,Chinese
1199334,Chinese
550726,Chinese
1189383,Chinese
551722,Chinese
551800,Japanese
550771,Chinese
1199690,Chinese
1199142,Japanese
1189113,Chinese
1200253,Chinese
1188528,Chinese
1199082,Chinese
1189286,Chinese
1188714,Chinese
1199301,Chinese
1199216,Italian
1194357,Chinese
1189108,Chinese
1199172,Chinese
1189248,Chinese
1189307,Japanese
1188083,Japanese
1188084,Japanese
1188659,Chinese
1188526,Chinese
1198618,Chinese
1198722,Chinese
1198728,Chinese
1198857,Japanese
1188082,Italian
1189279,Chinese
1199336,Chinese
1197419,Japanese
1197465,Chinese
1198036,Chinese
1198417,Chinese
1199375,Chinese
1189253,Chinese
1197558,Chinese
1198015,Chinese
1197506,Chinese
1197976,Chinese
1197450,Chinese
1197557,Chinese
1198361,Chinese
1198371,Chinese
1198017,Chinese
1198627,Chinese
1198632,Chinese
1197975,Chinese
1198020,Chinese
1198355,Chinese
1198352,Chinese
1198379,Chinese
1198019,Chinese
1198592,Japanese
1198016,Chinese
1198300,Japanese
1195862,Chinese
559304,Chinese
558962,Chinese
559064,Chinese
570492,Chinese
1187984,Chinese
559183,Chinese
570505,Chinese
559260,Chinese
1195935,Chinese
1187986,Chinese
1187985,Chinese
1187982,Chinese
559247,Chinese
559244,Chinese
559249,Chinese
559154,Chinese
559150,Chinese
1203319,Chinese
559128,Chinese
559128,Chinese
559065,Chinese
1190430,Chinese
1187960,Chinese
559131,Chinese
559259,Chinese
559134,Chinese
1196007,Chinese
558963,Chinese
559126,Chinese
559184,Chinese
570508,Chinese
570502,Chinese
559130,Chinese
558842,Chinese
1187962,Chinese
1195863,Chinese
1190416,Chinese
559245,Chinese
570509,Chinese
558824,Chinese
559158,Chinese
1202811,Chinese
1187961,Chinese
1187987,Chinese
1195937,Chinese
570498,Chinese
570493,Chinese
1199228,Chinese
1199217,Chinese
1199288,Chinese
559305,Chinese
1195859,Chinese
559186,Chinese
559255,Chinese
559257,Chinese
559133,Chinese
558843,Chinese
1203022,Chinese
559066,Chinese
559063,Italian
559155,Chinese
1202776,Chinese
1199261,Chinese
559161,Italian
559151,Chinese
1195925,Chinese
1187983,Chinese
559258,Chinese
559256,Chinese
559242,Chinese
570501,Italian
570494,Chinese
1202878,Chinese
559156,Chinese
1202755,Chinese
559127,Chinese
559182,Chinese
1199300,Chinese
1200898,Chinese
1202814,Chinese
558823,Chinese
559132,Chinese
1202123,Japanese
1198010,French
1200396,Italian
1195825,Italian
501659,Chinese
501660,Japanese
560404,Japanese
529461,Chinese
529419,Italian
570531,Chinese
501665,Italian
1200703,Italian
501647,Japanese
560345,Chinese
501509,Chinese
1200576,Japanese
1195636,Japanese
501658,Chinese
560326,Italian
501495,Chinese
501601,Chinese
1195637,Japanese
1200578,Japanese
501467,Italian
501500,Chinese
1200572,Japanese
501366,Italian
501451,Japanese
501445,Chinese
501683,Chinese
501650,Chinese
501650,Chinese
529469,Chinese
1190205,Chinese
529459,Italian
501679,Japanese
501371,Chinese
501518,Chinese
529466,Chinese
501678,Chinese
529478,Chinese
501498,Chinese
501676,Chinese
501609,Chinese
529471,Japanese
501488,Chinese
570544,Chinese
501494,Chinese
570539,Chinese
570541,Chinese
570541,Chinese
570546,Japanese
501652,Japanese
1194417,Chinese
112769,French
113643,Italian
568272,Italian
408554,Italian
1186068,Japanese
1199297,Japanese
375130,Italian
500482,Japanese
1196705,Japanese
535467,Italian
521359,French
1183654,Italian
1199114,Italian
307047,Italian
465733,Japanese
1196580,Italian
569737,Japanese
1195961,Japanese
477416,Japanese
1193616,Japanese
1200882,Italian
516107,Chinese
1197079,Japanese
1196980,Italian
516177,Japanese
1195647,Italian
1196934,Chinese
1198488,Italian
1199979,Japanese
518939,Italian
1196994,Italian
1196941,Italian
1199967,Japanese
1201930,Japanese
1201785,Chinese
1201748,Chinese
1196967,Japanese
1196931,Italian
1200019,Japanese
1200335,Japanese
1200394,Japanese
1200229,Japanese
1196976,Chinese
1200355,Japanese
1196993,Japanese
1196770,Italian
1194505,Italian
1194457,Japanese
1194457,Japanese
1194458,Japanese
1194458,Japanese
1194426,Japanese
1194426,Japanese
1200976,Chinese
1200976,Chinese
1200059,Italian
1194449,Japanese
1194449,Japanese
1194450,Japanese
1200056,Japanese
1200056,Japanese
1198687,Japanese
1198687,Japanese
1194452,Italian
1200038,Japanese
1200001,Italian
1199538,Japanese
1199538,Japanese
1197041,Italian
1199072,Italian
1198844,Japanese
1198831,Italian
1199536,Italian
1199931,Italian
1198843,Chinese
1197325,Chinese
1198743,Japanese
1197314,Japanese
1197314,Japanese
1198897,Chinese
1198897,Chinese
424441,French
535027,French
414354,Italian
553002,French
210667,French
212893,Chinese
212893,Chinese
520502,Italian
236085,French
210678,French
476995,French
210655,Italian
212341,French
213283,French
1200710,French
1195945,Italian
114784,Japanese
114770,Italian
212284,French
114761,French
114764,French
1192197,Japanese
114780,Italian
286355,French
564584,French
494305,Japanese
203588,French
213880,French
1199855,French
1205591,Italian
306227,French
462992,Italian
210726,French
477715,Japanese
212122,French
212122,French
474455,French
442195,French
212294,French
1183745,French
462609,Chinese
212645,French
395758,French
562605,French
497800,French
212951,Italian
423503,Japanese
213267,French
236715,French
265636,Italian
471741,Japanese
493923,French
548421,Chinese
115431,Japanese
213579,Japanese
212167,French
497108,French
1203424,French
212229,French
212188,French
212225,Italian
462151,French
405047,French
213794,French
502423,French
212132,French
212606,French
398917,Italian
464094,Italian
508699,French
213042,Chinese
493924,French
115388,Japanese
474494,French
497110,French
213263,French
212880,French
533406,French
383626,French
212727,French
236867,French
172771,French
411630,French
210116,French
212401,French
521714,French
1199891,French
213205,French
523865,French
212564,French
1181375,French
264011,French
212577,French
442194,French
1154434,French
1164911,Italian
213157,French
212711,French
1191032,French
544419,French
213651,French
1157095,French
213122,French
1154439,Italian
1194719,French
1184006,French
211579,French
1188151,French
1188157,Chinese
236146,French
115041,French
1195162,French
524612,French
1197008,French
1198862,Italian
1188699,French
460333,French
562651,Italian
1200040,Japanese
1195427,Japanese
1197911,Italian
1196809,Japanese
1197767,Japanese
1197224,Japanese
1197228,Japanese
1197124,Japanese
1196750,Japanese
1197223,Italian
1197192,Japanese
1197788,Japanese
1197121,Japanese
1197769,Japanese
1197874,Japanese
1197867,Japanese
1197088,Italian
1196881,Japanese
1196860,Japanese
1196749,Japanese
1196777,Japanese
1197196,Japanese
1196866,Japanese
1197138,Japanese
1197094,Chinese
1197202,Japanese
1197173,Japanese
1197150,Japanese
1196873,Japanese
1197262,Italian
1197820,Chinese
1197104,Japanese
1197210,Japanese
1196874,Italian
1196796,Japanese
1197625,Japanese
1197201,Japanese
1197227,Japanese
1196788,Japanese
1196799,Japanese
1197189,Japanese
1197106,Japanese
1196787,Japanese
1197144,Japanese
1197157,Japanese
1196751,Japanese
1197182,Japanese
1197871,Japanese
1196805,Italian
1197176,Japanese
1197096,Italian
1197802,Japanese
1196880,Japanese
1197873,Japanese
1197133,Japanese
1196883,Japanese
1197913,Japanese
1197839,Japanese
1196795,Japanese
1197086,Italian
1197865,Japanese
1197158,Japanese
1197149,Japanese
1196755,Japanese
1197884,Chinese
1197773,Japanese
230742,Chinese
1200873,Japanese
1164761,Italian
534919,Italian
499998,Italian
502400,Japanese
502400,Japanese
499964,Italian
499539,Italian
1181245,Chinese
502392,French
1164752,Italian
558627,Chinese
558627,Chinese
1160153,Japanese
1160153,Japanese
1164742,Italian
1160145,Italian
499993,Japanese
499992,Japanese
499992,Japanese
499967,Italian
1184148,Chinese
1194826,Italian
499927,Italian
1190806,Japanese
1197918,Chinese
1194628,Japanese
1194628,Japanese
1179627,Italian
1196344,Italian
1195641,Japanese
1197762,Italian
1200711,Japanese
1192667,Italian
1194889,Italian
1179697,Japanese
1190301,Chinese
560164,Chinese
560164,Chinese
474210,Japanese
1165364,Italian
296424,French
1197390,Japanese
333080,Japanese
1164854,Japanese
1164854,Japanese
326622,Chinese
326622,Chinese
1188054,Italian
1179698,Japanese
1179698,Japanese
1189326,Italian
474198,Japanese
436449,Italian
1164790,Italian
1190411,Chinese
1190067,Japanese
408504,Japanese
562011,Chinese
562011,Chinese
448331,Italian
1191251,Japanese
1179640,Italian
498989,Italian
296028,Italian
289586,Italian
1196942,Italian
1195229,Japanese
1186893,Japanese
1186893,Japanese
1195341,French
1183673,Japanese
74954,French
1195980,French
75701,Italian
1154528,French
74998,French
1189244,French
1190292,Italian
1191770,French
1193342,French
1191771,French
1154626,Italian
1195755,Japanese
1190641,Japanese
1190076,French
464812,French
1193617,Japanese
1194877,French
75677,Italian
552880,French
467115,French
91805,Italian
73608,French
313445,Italian
430278,Japanese
72005,French
93106,French
75934,French
262757,Japanese
385884,French
70874,French
1197917,Japanese
73514,French
71160,French
79113,Italian
562488,French
372716,French
121259,Italian
74578,French
71101,French
468796,French
76300,French
477135,Japanese
477135,Japanese
80821,French
76346,French
380888,Italian
77962,French
540745,Japanese
82171,French
357412,Japanese
508979,French
527221,Chinese
527221,Chinese
563000,French
78292,Italian
82181,French
75653,French
72124,French
1196674,Japanese
1196674,Japanese
99887,French
1196872,Japanese
1196872,Japanese
1160085,French
70940,French
396141,Italian
73995,French
83378,French
81319,French
259638,French
82834,French
1199173,French
497619,French
74577,French
81420,French
454621,Japanese
73402,French
1198391,French
85089,French
554556,French
386529,French
71736,French
78062,French
522003,Japanese
76485,French
82546,French
74620,French
74383,Italian
123289,Japanese
123289,Japanese
84506,French
80462,French
74569,Italian
81278,French
78491,French
71260,Italian
80114,Italian
81179,French
80811,French
78842,French
79798,French
75720,Italian
294736,French
254149,Chinese
82809,French
76694,French
75649,Italian
75679,Italian
258742,French
236176,French
119237,French
234204,French
75719,French
377733,Italian
91710,French
72901,Japanese
72905,Italian
520845,Japanese
520845,Japanese
76355,French
81253,French
77308,French
72809,French
74411,French
75688,Italian
75369,French
78249,French
75842,Italian
82822,French
455350,Italian
276398,French
86947,Italian
72534,Italian
557428,French
370636,Italian
379196,French
77186,French
506198,Japanese
507058,French
74698,French
1186267,Japanese
70977,French
120272,French
79462,French
517634,French
79390,French
490669,Italian
71414,Italian
1183518,Italian
1164846,French
460170,Italian
460170,Italian
80317,French
83639,French
509661,Italian
524911,Italian
540903,Italian
76646,French
84517,French
325414,French
79326,French
93014,French
77069,French
79888,Italian
466614,French
1196612,French
264090,Japanese
1192105,French
1193586,French
78032,French
71580,French
1191833,French
83229,French
79202,French
494746,Italian
339579,Italian
73822,French
524131,Japanese
236327,French
293982,Italian
337183,French
78982,French
358982,French
1192641,Japanese
449999,Japanese
423179,Japanese
77589,French
113607,French
460726,French
81959,Italian
1184735,French
509139,French
329858,Italian
79920,French
84151,French
88061,Italian
82495,French
1198719,French
359372,Italian
332461,French
79121,French
234188,French
71250,French
84551,French
568469,French
78167,French
76856,French
357403,Japanese
309405,Chinese
256432,French
191359,Italian
191314,Italian
561852,Italian
561853,Japanese
530527,Italian
70432,French
463075,Italian
70439,French
70455,French
1164957,Italian
1193449,Italian
1195220,Italian
495981,Italian
523629,Italian
189833,French
189160,French
265581,French
1192201,Italian
491150,Japanese
261847,Italian
1199330,French
559484,Italian
1154633,Italian
1154999,Italian
344348,French
1196925,Italian
1164773,Japanese
1164773,Japanese
361809,Italian
1199853,Italian
186643,French
209015,Italian
1197492,Italian
541044,Italian
1195142,Italian
1190669,Italian
123677,Italian
517736,French
237554,Italian
1196375,Chinese
551158,Italian
498499,Italian
69469,Chinese
1194966,Japanese
69779,Italian
1157187,Italian
123592,Italian
1192337,Italian
491333,Chinese
455860,Italian
69380,Japanese
565147,Italian
1184421,Japanese
1157186,Italian
1157186,Japanese
325715,Chinese
69644,Italian
494120,Chinese
1077301,Japanese
1189236,Italian
1154412,Chinese
1154412,Chinese
1199276,Italian
69392,French
499580,Italian
499440,Italian
366090,Italian
1193569,Italian
69405,Japanese
235288,Italian
503510,Japanese
456280,Italian
1196274,Japanese
546887,French
123638,Chinese
529328,Japanese
389725,Chinese
69574,Chinese
434403,Chinese
1154415,Chinese
300704,Italian
441728,Japanese
1188605,Japanese
471962,Chinese
521823,Italian
188140,Italian
165269,Chinese
1181347,Italian
1181347,Italian
471982,Chinese
1190810,Italian
69795,Japanese
1192114,French
1192224,French
1196947,Japanese
1196947,Japanese
1198026,Chinese
1199397,Italian
1196901,Chinese
1197878,Italian
1196606,Italian
1194461,Japanese
524984,Japanese
566247,Chinese
1184414,Japanese
447097,Italian
314552,Chinese
1184935,Chinese
476395,Chinese
475197,Italian
475195,Japanese
314554,Chinese
231066,Chinese
256630,Chinese
567867,Chinese
476398,Chinese
314548,Chinese
512732,Japanese
475193,Chinese
475193,Chinese
417795,Chinese
417793,Chinese
314664,Chinese
231093,Chinese
260040,Chinese
1185894,Chinese
512726,Chinese
512726,Chinese
231087,Japanese
567868,Chinese
352267,Chinese
512730,Chinese
231092,Chinese
231088,Chinese
1196979,Chinese
231065,Italian
1191542,Chinese
258467,Chinese
512586,Chinese
380347,Chinese
545639,Chinese
380261,Chinese
405764,Chinese
1184876,Chinese
258492,Chinese
230791,Chinese
446675,Chinese
417432,Japanese
352464,Chinese
230829,Chinese
314275,Chinese
230837,Chinese
1184888,Japanese
314218,Italian
1198381,Italian
380307,Chinese
230897,Chinese
475133,Chinese
230734,Chinese
352528,Chinese
352528,Chinese
567831,Italian
511765,Italian
258446,Chinese
1191550,Japanese
545626,Chinese
378873,Chinese
230772,Chinese
1191515,Chinese
230785,Chinese
314212,Chinese
230835,Chinese
380306,Japanese
230800,Chinese
417390,Chinese
314259,Chinese
380350,Chinese
1191913,Chinese
352097,Chinese
567848,Chinese
1194852,Chinese
568932,Italian
314276,Chinese
545662,Chinese
446729,Chinese
568973,Japanese
314213,Chinese
1184869,Japanese
352518,Chinese
258465,Chinese
352217,Chinese
352078,Chinese
1184829,Chinese
446850,Chinese
1198777,Chinese
230736,Chinese
230773,Chinese
314281,Chinese
1185835,Chinese
230989,Chinese
474914,Chinese
545627,Chinese
258466,Chinese
314269,Chinese
380344,Chinese
352473,Chinese
545630,Chinese
352519,Italian
1184732,Chinese
545619,Chinese
352497,Japanese
380232,Chinese
1194895,Chinese
1191779,Italian
545623,Chinese
230780,Chinese
1191719,Chinese
231002,Chinese
417594,Chinese
1197866,Japanese
567847,Chinese
417370,Chinese
567827,Italian
258512,Chinese
380364,Chinese
475153,Chinese
1191533,Chinese
417355,Chinese
416951,Chinese
230782,Chinese
314221,Chinese
567846,Chinese
314273,Chinese
446871,Japanese
416830,Chinese
1191575,Japanese
417431,Japanese
230899,Chinese
230660,Chinese
512631,Chinese
1191920,Japanese
416835,Chinese
230730,Chinese
230730,Chinese
314260,Chinese
377239,Italian
263263,Italian
1197653,Italian
349857,Italian
444289,Japanese
263249,Italian
476945,Italian
428574,Italian
427862,Italian
428535,Japanese
1186266,Italian
451082,Japanese
436283,Italian
447471,Italian
513673,Italian
436278,Japanese
543961,Italian
569338,French
479706,Italian
429147,Italian
498459,Japanese
436298,Japanese
429171,Japanese
479708,Italian
427455,Italian
1186295,Italian
428710,Italian
543966,Japanese
428549,Japanese
427859,Japanese
440133,Japanese
428541,Italian
500433,Japanese
436574,Italian
1186524,Japanese
447369,Italian
440061,Italian
513066,Italian
1186326,Japanese
563241,Italian
543964,Italian
447490,Japanese
436643,Japanese
1190135,Japanese
479711,Italian
549799,Japanese
428680,Italian
1189926,Italian
440056,Italian
1189316,Japanese
465512,Italian
437136,Italian
436575,Japanese
428594,Italian
436570,Italian
524772,Italian
436301,Japanese
485984,Japanese
