,language
0,French
1,French
2,Dutch
3,English
4,English
5,French
6,French
7,French
8,English
9,English
10,English
11,French
12,French
13,French
14,English
15,English
16,English
17,French
18,French
19,French
20,German
21,English
22,English
23,English
24,English
25,French
26,German
27,French
28,English
29,French
30,French
31,French
32,French
33,English
34,Dutch
35,French
36,French
37,English
38,English
39,English
40,English
41,Dutch
42,French
43,French
44,Dutch
45,French
46,French
47,English
48,English
49,French
50,English
51,French
52,French
53,French
54,English
55,French
56,English
57,English
58,French
59,French
60,English
61,French
62,French
63,English
64,English
65,French
66,French
67,French
68,French
69,Dutch
70,Dutch
71,Dutch
72,Dutch
73,Dutch
74,Dutch
75,French
76,French
77,English
78,English
79,French
80,English
81,French
82,French
83,French
84,French
85,Dutch
86,Dutch
87,French
88,Dutch
89,French
90,English
91,English
92,French
93,French
94,French
95,English
96,French
97,English
98,English
99,French
100,French
101,English
102,French
103,Dutch
104,French
105,French
106,French
107,English
108,English
109,French
110,French
111,French
112,English
113,English
114,English
115,French
116,English
117,French
118,English
119,French
120,French
121,Dutch
122,English
123,English
124,French
125,French
126,French
127,French
128,French
129,Dutch
130,Dutch
131,French
132,French
133,English
134,Dutch
135,French
136,Dutch
137,Dutch
138,French
139,French
140,French
141,English
142,English
143,English
144,Dutch
145,French
146,French
147,English
148,English
149,French
150,French
151,English
152,Dutch
153,French
154,German
155,French
156,French
157,French
158,French
159,French
160,French
161,French
162,French
163,English
164,English
165,French
166,French
167,French
168,French
169,French
170,French
171,English
172,French
173,English
174,English
175,Dutch
176,French
177,English
178,French
179,Dutch
180,English
181,French
182,French
183,French
184,French
185,French
186,English
187,French
188,Dutch
189,English
190,French
191,French
192,French
193,French
194,French
195,English
196,French
197,French
198,Dutch
199,Dutch
200,French
201,Dutch
202,French
203,French
204,French
205,English
206,French
207,French
208,French
209,English
210,French
211,French
212,French
213,English
214,English
215,English
216,French
217,Dutch
218,French
219,English
220,French
221,English
222,French
223,Dutch
224,English
225,English
226,French
227,English
228,French
229,English
230,English
231,English
232,Dutch
233,English
234,French
235,French
236,Dutch
237,French
238,French
239,French
240,French
241,Dutch
242,English
243,English
244,English
245,Dutch
246,English
247,Dutch
248,French
249,French
250,English
251,French
252,French
253,French
254,English
255,English
256,French
257,English
258,French
259,English
260,German
261,French
262,French
263,French
264,English
265,French
266,English
267,French
268,French
269,French
270,French
271,Dutch
272,French
273,English
274,English
275,English
276,French
277,French
278,French
279,English
280,English
281,English
282,French
283,English
284,English
285,French
286,Dutch
287,Dutch
288,French
289,English
290,English
291,French
292,French
293,French
294,French
295,French
296,French
297,French
298,French
299,French
300,French
301,French
302,French
303,French
304,French
305,French
306,French
307,French
308,French
309,French
310,French
311,French
312,French
313,English
314,French
315,French
316,French
317,French
318,English
319,French
320,French
321,French
322,English
323,French
324,French
325,French
326,English
327,English
328,Dutch
329,French
330,French
331,French
332,French
333,French
334,French
335,French
336,French
337,French
338,French
339,French
340,English
341,French
342,French
343,English
344,French
345,English
346,French
347,Dutch
348,French
349,Dutch
350,English
351,French
352,French
353,French
354,French
355,French
356,English
357,French
358,English
359,French
360,French
361,French
362,French
363,French
364,French
365,French
366,English
367,Dutch
368,English
369,French
370,French
371,English
372,English
373,French
374,French
375,English
376,French
377,English
378,English
379,French
380,French
381,Dutch
382,Dutch
383,English
384,French
385,French
386,English
387,French
388,English
389,English
390,French
391,French
392,French
393,French
394,Dutch
395,English
396,French
397,French
398,French
399,French
400,French
401,French
402,English
403,English
404,French
405,French
406,Dutch
407,Dutch
408,French
409,French
410,French
411,French
412,French
413,French
414,English
415,French
416,French
417,French
418,French
419,Dutch
420,French
421,French
422,English
423,English
424,French
425,French
426,French
427,French
428,French
429,French
430,French
431,French
432,English
433,English
434,English
435,French
436,French
437,French
438,French
439,English
440,French
441,French
442,Dutch
443,French
444,French
445,French
446,Dutch
447,French
448,German
449,French
450,French
451,Dutch
452,French
453,French
454,French
455,French
456,French
457,French
458,French
459,English
460,English
461,English
462,French
463,English
464,French
465,French
466,Dutch
467,French
468,French
469,English
470,English
471,French
472,English
473,French
474,French
475,French
476,French
477,Dutch
478,French
479,French
480,French
481,French
482,French
483,English
484,French
485,French
486,French
487,French
488,French
489,French
490,French
491,French
492,French
493,Dutch
494,English
495,French
496,English
497,French
498,English
499,French
500,French
501,French
502,Dutch
503,French
504,French
505,French
506,French
507,French
508,French
509,French
510,English
511,French
512,French
513,French
514,English
515,English
516,French
517,English
518,French
519,French
520,French
521,French
522,English
523,English
524,French
525,French
526,English
527,English
528,French
529,English
530,English
531,English
532,French
533,French
534,English
535,French
536,French
537,English
538,French
539,French
540,French
541,French
542,French
543,French
544,Dutch
545,English
546,French
547,French
548,English
549,English
550,Dutch
551,French
552,English
553,French
554,Dutch
555,English
556,French
557,French
558,French
559,German
560,French
561,French
562,French
563,French
564,English
565,English
566,French
567,English
568,French
569,French
570,French
571,English
572,English
573,French
574,English
575,French
576,French
577,French
578,French
579,French
580,French
581,English
582,French
583,French
584,French
585,French
586,French
587,French
588,French
589,French
590,French
591,English
592,English
593,English
594,English
595,English
596,English
597,French
598,French
599,French
600,French
601,French
602,French
603,French
604,Dutch
605,Dutch
606,French
607,Dutch
608,English
609,English
610,French
611,French
612,French
613,French
614,English
615,French
616,French
617,English
618,English
619,English
620,English
621,French
622,French
623,French
624,English
625,French
626,French
627,English
628,Dutch
629,French
630,French
631,Dutch
632,English
633,Dutch
634,French
635,French
636,French
637,French
638,English
639,English
640,Dutch
641,English
642,Dutch
643,French
644,English
645,French
646,French
647,French
648,French
649,French
650,English
651,French
652,French
653,French
654,German
655,French
656,French
657,French
658,French
659,English
660,English
661,English
662,English
663,Dutch
664,French
665,French
666,English
667,French
668,French
669,English
670,French
671,French
672,French
673,English
674,French
675,French
676,French
677,French
678,French
679,English
680,French
681,French
682,English
683,English
684,English
685,French
686,French
687,Dutch
688,French
689,French
690,English
691,French
692,French
693,French
694,English
695,French
696,French
697,French
698,English
699,English
700,French
701,French
702,French
703,French
704,English
705,Dutch
706,French
707,English
708,Dutch
709,French
710,French
711,English
712,French
713,French
714,Dutch
715,French
716,English
717,French
718,English
719,French
720,English
721,English
722,French
723,French
724,English
725,French
726,French
727,English
728,French
729,English
730,French
731,English
732,French
733,French
734,French
735,French
736,Dutch
737,English
738,French
739,French
740,English
741,Dutch
742,French
743,English
744,French
745,French
746,French
747,English
748,Dutch
749,French
750,English
751,French
752,English
753,English
754,French
755,Dutch
756,English
757,English
758,French
759,French
760,Dutch
761,English
762,Dutch
763,English
764,French
765,French
766,English
767,English
768,French
769,French
770,English
771,English
772,French
773,Dutch
774,Dutch
775,Dutch
776,English
777,English
778,French
779,Dutch
780,English
781,French
782,French
783,French
784,French
785,French
786,French
787,English
788,French
789,French
790,French
791,French
792,French
793,Dutch
794,French
795,French
796,French
797,English
798,English
799,French
800,Dutch
801,French
802,Dutch
803,English
804,French
805,French
806,French
807,French
808,French
809,English
810,French
811,French
812,Dutch
813,Dutch
814,Dutch
815,English
816,English
817,English
818,French
819,French
820,French
821,English
822,French
823,English
824,English
825,Dutch
826,English
827,English
828,French
829,French
830,French
831,English
832,English
833,English
834,English
835,Dutch
836,French
837,French
838,French
839,French
840,English
841,French
842,French
843,French
844,French
845,French
846,French
847,German
848,English
849,French
850,French
851,French
852,French
853,French
854,French
855,English
856,Dutch
857,French
858,French
859,French
860,French
861,French
862,English
863,French
864,French
865,French
866,English
867,English
868,German
869,French
870,French
871,French
872,French
873,English
874,English
875,English
876,English
877,Dutch
878,French
879,English
880,English
881,English
882,English
883,French
884,French
885,French
886,English
887,English
888,French
889,French
890,French
891,English
892,English
893,English
894,French
895,French
896,French
897,French
898,English
899,English
900,English
901,English
902,French
903,French
904,English
905,French
906,English
907,English
908,French
909,English
910,French
911,English
912,French
913,French
914,French
915,French
916,English
917,English
918,English
919,English
920,English
921,English
922,French
923,French
924,English
925,French
926,English
927,English
928,French
929,English
930,Dutch
931,Dutch
932,French
933,French
934,English
935,Dutch
936,French
937,French
938,English
939,English
940,Dutch
941,English
942,Dutch
943,French
944,French
945,English
946,French
947,English
948,French
949,Dutch
950,French
951,English
952,French
953,French
954,English
955,French
956,French
957,French
958,Dutch
959,English
960,English
961,English
962,French
963,English
964,French
965,English
966,Dutch
967,English
968,French
969,French
970,French
971,French
972,Dutch
973,French
974,French
975,French
976,French
977,English
978,English
979,Dutch
980,English
981,English
982,French
983,English
984,English
985,English
986,French
987,English
988,French
989,English
990,French
991,English
992,French
993,French
994,English
995,French
996,French
997,English
998,French
999,French
1000,French
1001,Dutch
1002,French
1003,English
1004,English
1005,Dutch
1006,English
1007,French
1008,French
1009,French
1010,French
1011,English
1012,English
1013,English
1014,French
1015,French
1016,English
1017,French
1018,Dutch
1019,French
1020,Dutch
1021,English
1022,German
1023,French
1024,French
1025,French
1026,French
1027,French
1028,English
1029,French
1030,French
1031,French
1032,English
1033,English
1034,French
1035,French
1036,French
1037,French
1038,French
1039,English
1040,German
1041,Dutch
1042,French
1043,English
1044,English
1045,French
1046,French
1047,English
1048,French
1049,French
1050,English
1051,French
1052,French
1053,French
1054,French
1055,Dutch
1056,French
1057,English
1058,German
1059,English
1060,English
1061,English
1062,English
1063,English
1064,French
1065,French
1066,French
1067,French
1068,Dutch
1069,French
1070,French
1071,French
1072,French
1073,French
1074,English
1075,English
1076,French
1077,English
1078,French
1079,French
1080,English
1081,Dutch
1082,French
1083,Dutch
1084,English
1085,Dutch
1086,English
1087,French
1088,French
1089,English
1090,English
1091,English
1092,English
1093,English
1094,English
1095,English
1096,English
1097,English
1098,English
1099,French
1100,English
1101,Dutch
1102,English
1103,English
1104,French
1105,English
1106,English
1107,English
1108,English
1109,English
1110,French
1111,English
1112,English
1113,Dutch
1114,English
1115,English
1116,Dutch
1117,English
1118,English
1119,English
1120,French
1121,French
1122,French
1123,French
1124,German
1125,German
1126,French
1127,German
1128,English
1129,French
1130,English
1131,French
1132,Dutch
1133,French
1134,English
1135,English
1136,German
1137,English
1138,Dutch
1139,French
1140,English
1141,French
1142,English
1143,English
1144,English
1145,French
1146,French
1147,French
1148,English
1149,French
1150,French
1151,French
1152,French
1153,French
1154,English
1155,English
1156,French
1157,English
1158,Dutch
1159,English
1160,Dutch
1161,French
1162,English
1163,French
1164,French
1165,English
1166,French
1167,French
1168,English
1169,English
1170,French
1171,English
1172,French
1173,English
1174,French
1175,French
1176,English
1177,French
1178,French
1179,Dutch
1180,English
1181,French
1182,French
1183,Dutch
1184,Dutch
1185,Dutch
1186,French
1187,French
1188,Dutch
1189,French
1190,English
1191,French
1192,French
1193,English
1194,English
1195,French
1196,French
1197,English
1198,English
1199,English
1200,French
1201,English
1202,French
1203,French
1204,French
1205,French
1206,French
1207,French
1208,French
1209,French
1210,French
1211,French
1212,French
1213,French
1214,German
1215,French
1216,French
1217,English
1218,English
1219,English
1220,English
1221,English
1222,Dutch
1223,French
1224,English
1225,English
1226,French
1227,French
1228,French
1229,English
1230,French
1231,French
1232,Dutch
1233,French
1234,Dutch
1235,Dutch
1236,German
1237,French
1238,English
1239,Dutch
1240,English
1241,French
1242,French
1243,French
1244,Dutch
1245,Dutch
1246,French
1247,French
1248,French
1249,French
1250,Dutch
1251,English
1252,French
1253,English
1254,Dutch
1255,English
1256,French
1257,English
1258,English
1259,French
1260,French
1261,French
1262,English
1263,French
1264,English
1265,French
1266,Dutch
1267,Dutch
1268,English
1269,Dutch
1270,Dutch
1271,French
1272,French
1273,French
1274,French
1275,French
1276,French
1277,French
1278,French
1279,French
1280,English
1281,French
1282,French
1283,French
1284,French
1285,French
1286,French
1287,French
1288,French
1289,English
1290,English
1291,Dutch
1292,French
1293,French
1294,French
1295,French
1296,French
1297,English
1298,English
1299,English
1300,French
1301,French
1302,English
1303,English
1304,English
1305,French
1306,French
1307,French
1308,French
1309,French
1310,English
1311,French
1312,French
1313,French
1314,French
1315,French
1316,French
1317,English
1318,French
1319,Dutch
1320,French
1321,Dutch
1322,French
1323,French
1324,English
1325,English
1326,Dutch
1327,French
1328,English
1329,English
1330,English
1331,French
1332,French
1333,French
1334,English
1335,French
1336,Dutch
1337,French
1338,French
1339,French
1340,French
1341,French
1342,French
1343,French
1344,French
1345,French
1346,English
1347,French
1348,English
1349,English
1350,French
1351,English
1352,French
1353,Dutch
1354,French
1355,French
1356,French
1357,French
1358,French
1359,French
1360,French
1361,French
1362,Dutch
1363,English
1364,English
1365,Dutch
1366,French
1367,English
1368,French
1369,English
1370,French
1371,French
1372,French
1373,French
1374,French
1375,French
1376,French
1377,French
1378,French
1379,French
1380,French
1381,English
1382,English
1383,French
1384,French
1385,French
1386,French
1387,French
1388,French
1389,French
1390,French
1391,French
1392,French
1393,French
1394,French
1395,French
1396,French
1397,French
1398,French
1399,French
1400,French
1401,French
1402,French
1403,French
1404,French
1405,French
1406,English
1407,Dutch
1408,English
1409,Dutch
1410,French
1411,French
1412,French
1413,French
1414,French
1415,Dutch
1416,French
1417,Dutch
1418,French
1419,English
1420,French
1421,Dutch
1422,Dutch
1423,French
1424,English
1425,English
1426,English
1427,English
1428,French
1429,French
1430,English
1431,French
1432,English
1433,French
1434,French
1435,French
1436,French
1437,French
1438,French
1439,French
1440,French
1441,French
1442,English
1443,French
1444,English
1445,English
1446,Dutch
1447,English
1448,French
1449,French
1450,French
1451,French
1452,German
1453,French
1454,French
1455,Dutch
1456,English
1457,French
1458,French
1459,French
1460,French
1461,French
1462,French
1463,English
1464,English
1465,English
1466,French
1467,English
1468,French
1469,English
1470,Dutch
1471,Dutch
1472,French
1473,Dutch
1474,French
1475,French
1476,French
1477,Dutch
1478,German
1479,French
1480,English
1481,French
1482,French
1483,French
1484,English
1485,English
1486,French
1487,French
1488,English
1489,English
1490,French
1491,German
1492,German
1493,Dutch
1494,English
1495,English
1496,French
1497,French
1498,French
1499,French
1500,French
1501,French
1502,French
1503,French
1504,French
1505,French
1506,English
1507,French
1508,French
1509,French
1510,French
1511,French
1512,French
1513,French
1514,French
1515,French
1516,French
1517,French
1518,French
1519,Dutch
1520,French
1521,French
1522,French
1523,Dutch
1524,Dutch
1525,English
1526,French
1527,French
1528,French
1529,French
1530,French
1531,French
1532,French
1533,English
1534,Dutch
1535,French
1536,English
1537,French
1538,English
1539,English
1540,French
1541,French
1542,English
1543,English
1544,English
1545,English
1546,Dutch
1547,English
1548,French
1549,English
1550,English
1551,Dutch
1552,English
1553,English
1554,French
1555,English
1556,English
1557,English
1558,English
1559,French
1560,French
1561,French
1562,French
1563,French
1564,French
1565,French
1566,French
1567,French
1568,French
1569,French
1570,French
1571,English
1572,Dutch
1573,French
1574,Dutch
1575,French
1576,French
1577,French
1578,Dutch
1579,English
1580,French
1581,French
1582,French
1583,English
1584,Dutch
1585,French
1586,French
1587,Dutch
1588,Dutch
1589,French
1590,Dutch
1591,Dutch
1592,French
1593,French
1594,Dutch
1595,French
1596,Dutch
1597,English
1598,English
1599,English
1600,English
1601,Dutch
1602,French
1603,English
1604,French
1605,English
1606,English
1607,English
1608,Dutch
1609,Dutch
1610,English
1611,French
1612,French
1613,English
1614,Dutch
1615,English
1616,French
1617,French
1618,French
1619,French
1620,French
1621,English
1622,English
1623,French
1624,English
1625,French
1626,French
1627,English
1628,English
1629,French
1630,French
1631,French
1632,French
1633,English
1634,English
1635,French
1636,French
1637,French
1638,German
1639,English
1640,Dutch
1641,French
1642,French
1643,French
1644,French
1645,French
1646,English
1647,French
1648,French
1649,English
1650,English
1651,English
1652,French
1653,French
1654,French
1655,French
1656,French
1657,French
1658,French
1659,English
1660,French
1661,English
1662,French
1663,Dutch
1664,German
1665,French
1666,French
1667,French
1668,French
1669,French
1670,French
1671,French
1672,French
1673,French
1674,French
1675,French
1676,French
1677,French
1678,French
1679,English
1680,English
1681,French
1682,French
1683,French
1684,Dutch
1685,German
1686,French
1687,French
1688,English
1689,English
1690,English
1691,French
1692,French
1693,French
1694,French
1695,French
1696,French
1697,French
1698,French
1699,French
1700,English
1701,English
1702,French
1703,French
1704,French
1705,French
1706,French
1707,English
1708,French
1709,French
1710,French
1711,French
1712,English
1713,French
1714,French
1715,French
1716,French
1717,French
1718,English
1719,French
1720,French
1721,English
1722,French
1723,French
1724,French
1725,English
1726,English
1727,English
1728,French
1729,French
1730,French
1731,French
1732,Dutch
1733,Dutch
1734,French
1735,French
1736,French
1737,French
1738,French
1739,French
1740,French
1741,English
1742,English
1743,Dutch
1744,French
1745,English
1746,English
1747,English
1748,French
1749,Dutch
1750,Dutch
1751,English
1752,English
1753,French
1754,English
1755,English
1756,English
1757,French
1758,French
1759,English
1760,English
1761,English
1762,Dutch
1763,French
1764,Dutch
1765,French
1766,French
1767,Dutch
1768,French
1769,French
1770,French
1771,French
1772,French
1773,French
1774,French
1775,French
1776,French
1777,Dutch
1778,French
1779,French
1780,English
1781,Dutch
1782,English
1783,English
1784,Dutch
1785,French
1786,German
1787,French
1788,Dutch
1789,Dutch
1790,English
1791,French
1792,French
1793,French
1794,Dutch
1795,French
1796,French
1797,French
1798,French
1799,French
1800,French
1801,French
1802,French
1803,French
1804,French
1805,Dutch
1806,Dutch
1807,French
1808,Dutch
1809,French
1810,French
1811,French
1812,French
1813,French
1814,French
1815,Dutch
1816,Dutch
1817,Dutch
1818,French
1819,French
1820,French
1821,French
1822,French
1823,French
1824,French
1825,French
1826,Dutch
1827,French
1828,English
1829,English
1830,English
1831,English
1832,French
1833,French
1834,French
1835,English
1836,English
1837,Dutch
1838,English
1839,French
1840,French
1841,French
1842,German
1843,English
1844,English
1845,French
1846,Dutch
1847,Dutch
1848,Dutch
1849,Dutch
1850,Dutch
1851,French
1852,English
1853,French
1854,Dutch
1855,French
1856,English
1857,English
1858,French
1859,Dutch
1860,French
1861,French
1862,French
1863,French
1864,French
1865,French
1866,French
1867,French
1868,French
1869,English
1870,English
1871,English
1872,English
1873,English
1874,English
1875,English
1876,French
1877,French
1878,English
1879,French
1880,French
1881,French
1882,Dutch
1883,Dutch
1884,French
1885,Dutch
1886,English
1887,French
1888,French
1889,French
1890,French
1891,French
1892,Dutch
1893,English
1894,English
1895,French
1896,English
1897,French
1898,French
1899,French
1900,French
1901,French
1902,French
1903,English
1904,French
1905,French
1906,French
1907,French
1908,French
1909,French
1910,French
1911,French
1912,Dutch
1913,French
1914,French
1915,French
1916,French
1917,English
1918,Dutch
1919,French
1920,French
1921,French
1922,French
1923,French
1924,French
1925,French
1926,French
1927,French
1928,French
1929,French
1930,French
1931,Dutch
1932,French
1933,French
1934,English
1935,English
1936,French
1937,French
1938,Dutch
1939,English
1940,French
1941,English
1942,English
1943,French
1944,Dutch
1945,English
1946,English
1947,French
1948,English
1949,Dutch
1950,French
1951,English
1952,English
1953,English
1954,French
1955,Dutch
1956,French
1957,French
1958,French
1959,Dutch
1960,Dutch
1961,French
1962,French
1963,French
1964,French
1965,French
1966,French
1967,English
1968,English
1969,English
1970,French
1971,English
1972,French
1973,English
1974,English
1975,English
1976,English
1977,English
1978,French
1979,English
1980,French
1981,French
1982,French
1983,English
1984,English
1985,Dutch
1986,French
1987,Dutch
1988,Dutch
1989,French
1990,English
1991,French
1992,English
1993,French
1994,English
1995,English
1996,English
1997,French
1998,French
1999,French
2000,French
2001,Dutch
2002,French
2003,English
2004,French
2005,English
2006,French
2007,French
2008,English
2009,French
2010,Dutch
2011,Dutch
2012,English
2013,French
2014,French
2015,English
2016,French
2017,English
2018,English
2019,French
2020,French
2021,English
2022,French
2023,French
2024,French
2025,Dutch
2026,English
2027,French
2028,French
2029,French
2030,English
2031,French
2032,English
2033,French
2034,English
2035,French
2036,French
2037,French
2038,English
2039,French
2040,English
2041,English
2042,French
2043,Dutch
2044,English
2045,French
2046,French
2047,English
2048,French
2049,French
2050,French
2051,French
2052,Dutch
2053,French
2054,English
2055,French
2056,French
2057,English
2058,French
2059,French
2060,English
2061,English
2062,French
2063,English
2064,French
2065,French
2066,French
2067,Dutch
2068,English
2069,English
2070,French
2071,French
2072,French
2073,French
2074,French
2075,English
2076,French
2077,French
2078,French
2079,French
2080,English
2081,English
2082,French
2083,French
2084,French
2085,English
2086,English
2087,English
2088,English
2089,English
2090,English
2091,German
2092,English
2093,French
2094,English
2095,French
2096,French
2097,English
2098,Dutch
2099,Dutch
2100,French
2101,French
2102,English
2103,English
2104,French
2105,English
2106,English
2107,French
2108,French
2109,French
2110,French
2111,French
2112,French
2113,French
2114,French
2115,French
2116,English
2117,French
2118,French
2119,French
2120,Dutch
2121,Dutch
2122,Dutch
2123,English
2124,French
2125,English
2126,English
2127,French
2128,French
2129,French
2130,French
2131,French
2132,French
2133,Dutch
2134,Dutch
2135,Dutch
2136,French
2137,English
2138,French
2139,French
2140,French
2141,English
2142,French
2143,French
2144,French
2145,French
2146,French
2147,English
2148,French
2149,French
2150,French
2151,French
2152,French
2153,French
2154,French
2155,French
2156,French
2157,English
2158,French
2159,French
2160,French
2161,French
2162,French
2163,French
2164,Dutch
2165,Dutch
2166,Dutch
2167,French
2168,French
2169,Dutch
2170,German
2171,Dutch
2172,French
2173,French
2174,French
2175,French
2176,French
2177,French
2178,French
2179,English
2180,French
2181,English
2182,English
2183,English
2184,French
2185,English
2186,English
2187,French
2188,French
2189,English
2190,Dutch
2191,English
2192,French
2193,French
2194,French
2195,French
2196,French
2197,French
2198,English
2199,English
2200,French
2201,French
2202,English
2203,French
2204,French
2205,French
2206,English
2207,French
2208,Dutch
2209,English
2210,English
2211,French
2212,English
2213,French
2214,French
2215,English
2216,English
2217,French
2218,French
2219,French
2220,French
2221,French
2222,French
2223,French
2224,English
2225,French
2226,French
2227,French
2228,French
2229,French
2230,English
2231,French
2232,French
2233,Dutch
2234,French
2235,English
2236,French
2237,French
2238,French
2239,French
2240,French
2241,French
2242,French
2243,French
2244,French
2245,Dutch
2246,English
2247,English
2248,French
2249,French
2250,French
2251,French
2252,French
2253,English
2254,French
2255,French
2256,French
2257,French
2258,Dutch
2259,English
2260,English
2261,French
2262,English
2263,French
2264,French
2265,English
2266,English
2267,English
2268,English
2269,English
2270,French
2271,English
2272,French
2273,English
2274,English
2275,French
2276,English
2277,English
2278,English
2279,English
2280,English
2281,English
2282,English
2283,English
2284,English
2285,English
2286,English
2287,English
2288,English
2289,English
2290,English
2291,English
2292,English
2293,English
2294,English
2295,English
2296,English
2297,English
2298,English
2299,English
2300,English
2301,English
2302,English
2303,English
2304,French
2305,Dutch
2306,French
2307,French
2308,French
2309,French
2310,French
2311,Dutch
2312,English
2313,English
2314,English
2315,French
2316,English
2317,French
2318,French
2319,French
2320,French
2321,English
2322,English
2323,English
2324,Dutch
2325,French
2326,French
2327,English
2328,French
2329,French
2330,English
2331,English
2332,English
2333,English
2334,French
2335,French
2336,French
2337,English
2338,English
2339,English
2340,English
2341,French
2342,French
2343,French
2344,French
2345,French
2346,English
2347,English
2348,French
2349,Dutch
2350,French
2351,English
2352,English
2353,English
2354,Dutch
2355,English
2356,Dutch
2357,Dutch
2358,Dutch
2359,Dutch
2360,French
2361,French
2362,English
2363,English
2364,French
2365,French
2366,Dutch
2367,French
2368,French
2369,French
2370,French
2371,French
2372,French
2373,French
2374,French
2375,Dutch
2376,French
2377,English
2378,French
2379,French
2380,French
2381,English
2382,French
2383,French
2384,French
2385,Dutch
2386,French
2387,English
2388,English
2389,English
2390,English
2391,French
2392,French
2393,French
2394,French
2395,English
2396,English
2397,French
2398,French
2399,English
2400,French
2401,English
2402,English
2403,English
2404,French
2405,French
2406,Dutch
2407,English
2408,English
2409,French
2410,French
2411,English
2412,French
2413,German
2414,Dutch
2415,French
2416,French
2417,French
2418,Dutch
2419,English
2420,French
2421,French
2422,English
2423,English
2424,English
2425,Dutch
2426,English
2427,French
2428,English
2429,English
2430,French
2431,French
2432,Dutch
2433,French
2434,French
2435,English
2436,French
2437,French
2438,French
2439,English
2440,French
2441,Dutch
2442,French
2443,English
2444,German
2445,German
2446,French
2447,French
2448,French
2449,English
2450,Dutch
2451,French
2452,French
2453,Dutch
2454,English
2455,Dutch
2456,Dutch
2457,Dutch
2458,Dutch
2459,English
2460,German
2461,French
2462,English
2463,English
2464,German
2465,English
2466,French
2467,English
2468,French
2469,French
2470,French
2471,French
2472,French
2473,English
2474,French
2475,French
2476,French
2477,French
2478,French
2479,French
2480,French
2481,French
2482,French
2483,French
2484,French
2485,French
2486,French
2487,French
2488,French
2489,French
2490,French
2491,French
2492,French
2493,French
2494,French
2495,English
2496,French
2497,French
2498,French
2499,French
2500,French
2501,French
2502,French
2503,Dutch
2504,Dutch
2505,Dutch
2506,Dutch
2507,English
2508,English
2509,French
2510,French
2511,German
2512,French
2513,French
2514,French
2515,French
2516,German
2517,French
2518,French
2519,Dutch
2520,English
2521,English
2522,English
2523,English
2524,English
2525,French
2526,French
2527,English
2528,Dutch
2529,French
2530,French
2531,English
2532,French
2533,French
2534,French
2535,French
2536,Dutch
2537,French
2538,French
2539,French
2540,English
2541,English
2542,English
2543,English
2544,French
2545,French
2546,Dutch
2547,English
2548,French
2549,English
2550,Dutch
2551,English
2552,French
2553,English
2554,French
2555,Dutch
2556,French
2557,French
2558,French
2559,French
2560,French
2561,French
2562,English
2563,English
2564,French
2565,French
2566,French
2567,French
2568,English
2569,English
2570,English
2571,French
2572,English
2573,English
2574,English
2575,English
2576,English
2577,French
2578,French
2579,French
2580,French
2581,English
2582,English
2583,English
2584,English
2585,French
2586,Dutch
2587,English
2588,French
2589,French
2590,French
2591,English
2592,English
2593,French
2594,French
2595,French
2596,French
2597,English
2598,French
2599,French
2600,French
2601,French
2602,French
2603,French
2604,English
2605,English
2606,Dutch
2607,English
2608,Dutch
2609,English
2610,French
2611,French
2612,English
2613,French
2614,English
2615,English
2616,French
2617,French
2618,French
2619,English
2620,English
2621,French
2622,English
2623,French
2624,French
2625,French
2626,French
2627,English
2628,French
2629,Dutch
2630,English
2631,French
2632,French
2633,French
2634,French
2635,French
2636,English
2637,French
2638,French
2639,French
2640,French
2641,French
2642,Dutch
2643,French
2644,French
2645,French
2646,English
2647,Dutch
2648,English
2649,French
2650,English
2651,French
2652,French
2653,French
2654,French
2655,French
2656,French
2657,French
2658,English
2659,Dutch
2660,Dutch
2661,French
2662,French
2663,French
2664,English
2665,French
2666,French
2667,English
2668,English
2669,English
2670,English
2671,English
2672,English
2673,English
2674,English
2675,French
2676,English
2677,English
2678,French
2679,French
2680,French
2681,English
2682,English
2683,Dutch
2684,French
2685,French
2686,French
2687,French
2688,English
2689,French
2690,French
2691,French
2692,French
2693,French
2694,French
2695,German
2696,French
2697,English
2698,French
2699,French
2700,French
2701,French
2702,Dutch
2703,Dutch
2704,German
2705,French
2706,English
2707,French
2708,French
2709,English
2710,French
2711,French
2712,French
2713,English
2714,English
2715,French
2716,French
2717,English
2718,English
2719,French
2720,French
2721,Dutch
2722,English
2723,English
2724,English
2725,French
2726,French
2727,Dutch
2728,French
2729,English
2730,English
2731,French
2732,French
2733,English
2734,English
2735,English
2736,French
2737,English
2738,English
2739,French
2740,French
2741,French
2742,French
2743,French
2744,French
2745,French
2746,French
2747,French
2748,English
2749,English
2750,French
2751,French
2752,English
2753,English
2754,French
2755,French
2756,French
2757,Dutch
2758,French
2759,Dutch
2760,French
2761,French
2762,French
2763,French
2764,French
2765,English
2766,French
2767,French
2768,French
2769,Dutch
2770,German
2771,French
2772,French
2773,French
2774,French
2775,Dutch
2776,Dutch
2777,Dutch
2778,English
2779,French
2780,English
2781,English
2782,German
2783,English
2784,English
2785,English
2786,English
2787,Dutch
2788,French
2789,French
2790,French
2791,English
2792,English
2793,French
2794,French
2795,French
2796,French
2797,French
2798,French
2799,French
2800,French
2801,French
2802,French
2803,French
2804,French
2805,French
2806,English
2807,French
2808,French
2809,French
2810,French
2811,English
2812,English
2813,Dutch
2814,English
2815,English
2816,English
2817,French
2818,English
2819,French
2820,French
2821,French
2822,French
2823,English
2824,Dutch
2825,French
2826,Dutch
2827,English
2828,Dutch
2829,English
2830,English
2831,English
2832,French
2833,French
2834,English
2835,French
2836,English
2837,English
2838,English
2839,French
2840,French
2841,English
2842,English
2843,French
2844,English
2845,French
2846,Dutch
2847,English
2848,French
2849,French
2850,French
2851,English
2852,French
2853,English
2854,French
2855,Dutch
2856,French
2857,French
2858,French
2859,Dutch
2860,French
2861,French
2862,French
2863,English
2864,English
2865,French
2866,English
2867,English
2868,English
2869,French
2870,French
2871,French
2872,French
2873,English
2874,English
2875,English
2876,English
2877,Dutch
2878,Dutch
2879,French
2880,French
2881,French
2882,French
2883,Dutch
2884,English
2885,French
2886,French
2887,French
2888,French
2889,French
2890,English
2891,French
2892,French
2893,English
2894,French
2895,French
2896,French
2897,French
2898,English
2899,English
2900,English
2901,English
2902,French
2903,French
2904,French
2905,French
2906,French
2907,French
2908,French
2909,French
2910,French
2911,French
2912,French
2913,French
2914,French
2915,French
2916,French
2917,French
2918,French
2919,French
2920,English
2921,English
2922,English
2923,English
2924,English
2925,French
2926,French
2927,French
2928,French
2929,French
2930,French
2931,French
2932,French
2933,French
2934,French
2935,French
2936,French
2937,French
2938,French
2939,French
2940,French
2941,French
2942,French
2943,French
2944,French
2945,French
2946,French
2947,French
2948,French
2949,French
2950,Dutch
2951,Dutch
2952,English
2953,German
2954,French
2955,French
2956,English
2957,French
2958,English
2959,Dutch
2960,Dutch
2961,English
2962,English
2963,French
2964,French
2965,English
2966,Dutch
2967,English
2968,English
2969,French
2970,French
2971,English
2972,English
2973,English
2974,French
2975,English
2976,Dutch
2977,French
2978,French
2979,French
2980,French
2981,Dutch
2982,Dutch
2983,French
2984,French
2985,English
2986,French
2987,Dutch
2988,English
2989,French
2990,French
2991,French
2992,French
2993,French
2994,English
2995,French
2996,Dutch
2997,French
2998,French
2999,French
3000,German
3001,French
3002,English
3003,German
3004,French
3005,Dutch
3006,French
3007,English
3008,French
3009,English
3010,French
3011,English
3012,English
3013,English
3014,English
3015,Dutch
3016,French
3017,French
3018,French
3019,English
3020,English
3021,English
3022,French
3023,French
3024,French
3025,French
3026,French
3027,English
3028,English
3029,English
3030,English
3031,English
3032,French
3033,French
3034,Dutch
3035,Dutch
3036,Dutch
3037,English
3038,English
3039,English
3040,English
3041,English
3042,English
3043,English
3044,English
3045,English
3046,French
3047,French
3048,French
3049,French
3050,French
3051,Dutch
3052,Dutch
3053,French
3054,English
3055,English
3056,English
3057,French
3058,French
3059,Dutch
3060,English
3061,English
3062,English
3063,French
3064,French
3065,French
3066,French
3067,French
3068,French
3069,Dutch
3070,English
3071,English
3072,French
3073,Dutch
3074,French
3075,French
3076,French
3077,Dutch
3078,Dutch
3079,English
3080,Dutch
3081,French
3082,French
3083,French
3084,English
3085,Dutch
3086,Dutch
3087,Dutch
3088,French
3089,English
3090,Dutch
3091,French
3092,English
3093,French
3094,English
3095,French
3096,French
3097,French
3098,French
3099,French
3100,French
3101,English
3102,French
3103,English
3104,English
3105,English
3106,French
3107,French
3108,French
3109,German
3110,French
3111,English
3112,French
3113,French
3114,French
3115,English
3116,French
3117,English
3118,English
3119,French
3120,French
3121,English
3122,English
3123,Dutch
3124,French
3125,French
3126,English
3127,French
3128,French
3129,English
3130,Dutch
3131,French
3132,Dutch
3133,English
3134,French
3135,French
3136,Dutch
3137,French
3138,French
3139,French
3140,French
3141,French
3142,French
3143,English
3144,French
3145,English
3146,French
3147,French
3148,French
3149,French
3150,French
3151,German
3152,French
3153,English
3154,Dutch
3155,French
3156,French
3157,French
3158,English
3159,French
3160,French
3161,Dutch
3162,French
3163,French
3164,English
3165,French
3166,English
3167,French
3168,English
3169,Dutch
3170,English
3171,German
3172,English
3173,English
3174,French
3175,Dutch
3176,English
3177,German
3178,French
3179,French
3180,Dutch
3181,English
3182,French
3183,Dutch
3184,French
3185,French
3186,French
3187,English
3188,English
3189,French
3190,French
3191,Dutch
3192,French
3193,Dutch
3194,French
3195,French
3196,English
3197,English
3198,English
3199,English
3200,English
3201,English
3202,English
3203,English
3204,English
3205,English
3206,French
3207,English
3208,English
3209,Dutch
3210,English
3211,French
3212,French
3213,Dutch
3214,French
3215,French
3216,English
3217,English
3218,French
3219,English
3220,German
3221,French
3222,French
3223,English
3224,French
3225,French
3226,English
3227,French
3228,French
3229,French
3230,French
3231,English
3232,French
3233,French
3234,German
3235,English
3236,English
3237,Dutch
3238,Dutch
3239,French
3240,French
3241,French
3242,French
3243,French
3244,French
3245,French
3246,French
3247,Dutch
3248,English
3249,English
3250,English
3251,English
3252,French
3253,English
3254,English
3255,English
3256,French
3257,English
3258,French
3259,English
3260,French
3261,French
3262,French
3263,French
3264,French
3265,English
3266,English
3267,French
3268,French
3269,French
3270,French
3271,English
3272,Dutch
3273,French
3274,English
3275,French
3276,French
3277,English
3278,French
3279,English
3280,French
3281,Dutch
3282,English
3283,French
3284,French
3285,French
3286,English
3287,French
3288,Dutch
3289,English
3290,English
3291,Dutch
3292,French
3293,French
3294,French
3295,English
3296,French
3297,English
3298,French
3299,French
3300,English
3301,English
3302,French
3303,English
3304,English
3305,French
3306,French
3307,French
3308,French
3309,French
3310,English
3311,French
3312,French
3313,French
3314,French
3315,Dutch
3316,English
3317,French
3318,French
3319,English
3320,English
3321,French
3322,French
3323,French
3324,French
3325,French
3326,Dutch
3327,English
3328,English
3329,Dutch
3330,Dutch
3331,French
3332,French
3333,English
3334,French
3335,French
3336,English
3337,French
3338,French
3339,English
3340,Dutch
3341,French
3342,French
3343,English
3344,Dutch
3345,French
3346,French
3347,French
3348,French
3349,French
3350,English
3351,French
3352,French
3353,English
3354,French
3355,English
3356,French
3357,English
3358,French
3359,English
3360,English
3361,French
3362,French
3363,French
3364,English
3365,French
3366,English
3367,English
3368,English
3369,English
3370,English
3371,French
3372,French
3373,French
3374,Dutch
3375,German
3376,Dutch
3377,Dutch
3378,English
3379,French
3380,English
3381,French
3382,English
3383,French
3384,French
3385,French
3386,French
3387,English
3388,French
3389,English
3390,French
3391,English
3392,French
3393,French
3394,French
3395,French
3396,French
3397,French
3398,French
3399,French
3400,French
3401,French
3402,French
3403,French
3404,French
3405,French
3406,French
3407,French
3408,French
3409,French
3410,French
3411,French
3412,French
3413,French
3414,French
3415,English
3416,French
3417,French
3418,French
3419,French
3420,French
3421,English
3422,French
3423,French
3424,French
3425,French
3426,English
3427,English
3428,English
3429,English
3430,French
3431,French
3432,English
3433,French
3434,French
3435,English
3436,French
3437,English
3438,English
3439,French
3440,English
3441,French
3442,French
3443,French
3444,English
3445,French
3446,French
3447,French
3448,French
3449,French
3450,French
3451,English
3452,French
3453,Dutch
3454,French
3455,French
3456,Dutch
3457,French
3458,German
3459,French
3460,English
3461,English
3462,Dutch
3463,English
3464,French
3465,French
3466,English
3467,English
3468,English
3469,French
3470,Dutch
3471,English
3472,French
3473,English
3474,French
3475,English
3476,English
3477,French
3478,German
3479,English
3480,French
3481,French
3482,French
3483,French
3484,French
3485,French
3486,English
3487,French
3488,French
3489,English
3490,French
3491,French
3492,Dutch
3493,French
3494,English
3495,English
3496,English
3497,French
3498,English
3499,English
3500,English
3501,English
3502,English
3503,Dutch
3504,French
3505,French
3506,English
3507,English
3508,English
3509,Dutch
3510,English
3511,French
3512,English
3513,English
3514,French
3515,French
3516,English
3517,English
3518,English
3519,French
3520,French
3521,French
3522,French
3523,English
3524,English
3525,French
3526,French
3527,French
3528,Dutch
3529,Dutch
3530,English
3531,English
3532,English
3533,French
3534,French
3535,English
3536,English
3537,English
3538,English
3539,English
3540,English
3541,English
3542,English
3543,English
3544,English
3545,English
3546,French
3547,English
3548,English
3549,Dutch
3550,English
3551,English
3552,French
3553,French
3554,English
3555,English
3556,English
3557,French
3558,French
3559,Dutch
3560,Dutch
3561,Dutch
3562,Dutch
3563,Dutch
3564,Dutch
3565,French
3566,French
3567,French
3568,English
3569,English
3570,French
3571,French
3572,French
3573,French
3574,English
3575,German
3576,English
3577,English
3578,French
3579,Dutch
3580,Dutch
3581,French
3582,English
3583,English
3584,French
3585,French
3586,French
3587,English
3588,English
3589,French
3590,French
3591,French
3592,English
3593,English
3594,French
3595,French
3596,French
3597,French
3598,English
3599,German
3600,French
3601,French
3602,French
3603,French
3604,English
3605,French
3606,English
3607,English
3608,French
3609,French
3610,English
3611,English
3612,English
3613,English
3614,French
3615,French
3616,French
3617,English
3618,French
3619,Dutch
3620,German
3621,German
3622,French
3623,French
3624,Dutch
3625,French
3626,French
3627,French
3628,French
3629,English
3630,French
3631,French
3632,French
3633,French
3634,French
3635,French
3636,French
3637,French
3638,English
3639,French
3640,French
3641,Dutch
3642,English
3643,English
3644,French
3645,French
3646,French
3647,English
3648,French
3649,French
3650,German
3651,English
3652,French
3653,French
3654,German
3655,French
3656,French
3657,English
3658,French
3659,English
3660,English
3661,French
3662,French
3663,French
3664,French
3665,French
3666,French
3667,French
3668,French
3669,French
3670,French
3671,French
3672,French
3673,French
3674,French
3675,French
3676,French
3677,French
3678,French
3679,English
3680,Dutch
3681,French
3682,French
3683,English
3684,English
3685,French
3686,French
3687,French
3688,French
3689,English
3690,French
3691,English
3692,French
3693,English
3694,French
3695,French
3696,English
3697,Dutch
3698,Dutch
3699,French
3700,French
3701,Dutch
3702,English
3703,French
3704,French
3705,Dutch
3706,French
3707,French
3708,French
3709,French
3710,French
3711,French
3712,French
3713,French
3714,French
3715,English
3716,English
3717,French
3718,English
3719,French
3720,English
3721,English
3722,English
3723,French
3724,French
3725,French
3726,French
3727,French
3728,French
3729,English
3730,English
3731,English
3732,English
3733,English
3734,English
3735,English
3736,German
3737,German
3738,German
3739,French
3740,French
3741,French
3742,French
3743,French
3744,French
3745,Dutch
3746,French
3747,French
3748,Dutch
3749,English
3750,French
3751,English
3752,French
3753,English
3754,French
3755,French
3756,English
3757,Dutch
3758,French
3759,English
3760,French
3761,French
3762,French
3763,French
3764,French
3765,French
3766,French
3767,French
3768,French
3769,French
3770,French
3771,French
3772,Dutch
3773,French
3774,English
3775,English
3776,Dutch
3777,English
3778,French
3779,French
3780,French
3781,English
3782,French
3783,Dutch
3784,French
3785,French
3786,French
3787,French
3788,French
3789,French
3790,French
3791,French
3792,French
3793,English
3794,French
3795,English
3796,French
3797,English
3798,French
3799,Dutch
3800,French
3801,French
3802,English
3803,French
3804,French
3805,French
3806,French
3807,English
3808,English
3809,French
3810,French
3811,English
3812,French
3813,French
3814,French
3815,French
3816,Dutch
3817,English
3818,English
3819,English
3820,English
3821,English
3822,French
3823,English
3824,French
3825,French
3826,French
3827,French
3828,French
3829,French
3830,French
3831,Dutch
3832,French
3833,English
3834,Dutch
3835,French
3836,English
3837,French
3838,English
3839,French
3840,French
3841,Dutch
3842,Dutch
3843,Dutch
3844,French
3845,English
3846,French
3847,French
3848,French
3849,French
3850,French
3851,French
3852,French
3853,French
3854,English
3855,English
3856,French
3857,French
3858,French
3859,Dutch
3860,French
3861,French
3862,English
3863,French
3864,French
3865,French
3866,French
3867,French
3868,English
3869,French
3870,French
3871,French
3872,French
3873,French
3874,French
3875,English
3876,English
3877,English
3878,French
3879,English
3880,French
3881,French
3882,French
3883,French
3884,French
3885,French
3886,Dutch
3887,French
3888,French
3889,French
3890,Dutch
3891,French
3892,French
3893,English
3894,French
3895,Dutch
3896,English
3897,English
3898,Dutch
3899,French
3900,English
3901,English
3902,English
3903,English
3904,French
3905,Dutch
3906,English
3907,French
3908,French
3909,French
3910,French
3911,Dutch
3912,English
3913,French
3914,French
3915,English
3916,French
3917,English
3918,French
3919,English
3920,Dutch
3921,French
3922,French
3923,English
3924,Dutch
3925,French
3926,French
3927,English
3928,French
3929,English
3930,English
3931,French
3932,French
3933,French
3934,English
3935,English
3936,English
3937,French
3938,Dutch
3939,Dutch
3940,English
3941,French
3942,Dutch
3943,French
3944,English
3945,French
3946,English
3947,English
3948,English
3949,French
3950,French
3951,German
3952,French
3953,English
3954,English
3955,French
3956,French
3957,French
3958,English
3959,Dutch
3960,English
3961,English
3962,German
3963,English
3964,French
3965,English
3966,French
3967,Dutch
3968,French
3969,English
3970,French
3971,English
3972,English
3973,French
3974,French
3975,French
3976,French
3977,English
3978,English
3979,French
3980,Dutch
3981,English
3982,French
3983,French
3984,English
3985,French
3986,English
3987,English
3988,English
3989,French
3990,English
3991,English
3992,English
3993,Dutch
3994,Dutch
3995,French
3996,French
3997,English
3998,French
3999,French
4000,French
4001,English
4002,French
4003,German
4004,French
4005,French
4006,French
4007,French
4008,French
4009,French
4010,French
4011,French
4012,French
4013,French
4014,French
4015,English
4016,French
4017,French
4018,English
4019,English
4020,French
4021,Dutch
4022,Dutch
4023,English
4024,French
4025,Dutch
4026,French
4027,French
4028,English
4029,English
4030,French
4031,English
4032,English
4033,English
4034,French
4035,English
4036,French
4037,English
4038,Dutch
4039,English
4040,French
4041,Dutch
4042,French
4043,English
4044,English
4045,French
4046,French
4047,Dutch
4048,French
4049,French
4050,English
4051,English
4052,English
4053,English
4054,French
4055,French
4056,French
4057,French
4058,English
4059,French
4060,Dutch
4061,French
4062,French
4063,English
4064,Dutch
4065,French
4066,French
4067,French
4068,French
4069,French
4070,English
4071,Dutch
4072,English
4073,Dutch
4074,French
4075,French
4076,French
4077,French
4078,French
4079,French
4080,French
4081,French
4082,French
4083,English
4084,English
4085,English
4086,French
4087,Dutch
4088,French
4089,Dutch
4090,French
4091,French
4092,French
4093,French
4094,German
4095,English
4096,French
4097,French
4098,English
4099,English
4100,French
4101,French
4102,English
4103,English
4104,Dutch
4105,French
4106,French
4107,English
4108,French
4109,English
4110,English
4111,French
4112,French
4113,English
4114,French
4115,French
4116,French
4117,French
4118,French
4119,English
4120,French
4121,French
4122,English
4123,French
4124,English
4125,English
4126,French
4127,English
4128,English
4129,French
4130,French
4131,English
4132,French
4133,French
4134,French
4135,French
4136,French
4137,French
4138,French
4139,Dutch
4140,French
4141,French
4142,French
4143,French
4144,English
4145,English
4146,French
4147,English
4148,French
4149,French
4150,English
4151,German
4152,German
4153,French
4154,French
4155,English
4156,French
4157,French
4158,French
4159,French
4160,French
4161,English
4162,English
4163,French
4164,French
4165,French
4166,French
4167,English
4168,Dutch
4169,Dutch
4170,French
4171,French
4172,English
4173,English
4174,French
4175,French
4176,Dutch
4177,French
4178,Dutch
4179,French
4180,French
4181,French
4182,French
4183,English
4184,French
4185,French
4186,English
4187,French
4188,English
4189,French
4190,English
4191,French
4192,Dutch
4193,French
4194,English
4195,French
4196,French
4197,English
4198,Dutch
4199,French
4200,French
4201,French
4202,French
4203,French
4204,French
4205,French
4206,English
4207,French
4208,English
4209,French
4210,English
4211,French
4212,English
4213,Dutch
4214,English
4215,French
4216,French
4217,French
4218,French
4219,French
4220,French
4221,French
4222,English
4223,French
4224,French
4225,English
4226,English
4227,English
4228,English
4229,English
4230,English
4231,English
4232,English
4233,English
4234,Dutch
4235,Dutch
4236,French
4237,English
4238,English
4239,English
4240,English
4241,English
4242,English
4243,English
4244,English
4245,French
4246,French
4247,French
4248,French
4249,French
4250,French
4251,French
4252,French
4253,French
4254,French
4255,French
4256,Dutch
4257,Dutch
4258,French
4259,English
4260,French
4261,English
4262,English
4263,English
4264,English
4265,French
4266,English
4267,French
4268,English
4269,French
4270,French
4271,English
4272,Dutch
4273,Dutch
4274,English
4275,French
4276,German
4277,English
4278,Dutch
4279,English
4280,French
4281,English
4282,English
4283,French
4284,French
4285,English
4286,French
4287,French
4288,French
4289,French
4290,French
4291,French
4292,French
4293,French
4294,French
4295,Dutch
4296,French
4297,French
4298,Dutch
4299,French
4300,Dutch
4301,French
4302,English
4303,French
4304,French
4305,English
4306,French
4307,English
4308,French
4309,French
4310,French
4311,French
4312,French
4313,French
4314,French
4315,French
4316,French
4317,Dutch
4318,French
4319,French
4320,Dutch
4321,English
4322,French
4323,French
4324,English
4325,French
4326,English
4327,French
4328,French
4329,French
4330,Dutch
4331,French
4332,English
4333,French
4334,English
4335,English
4336,French
4337,English
4338,Dutch
4339,English
4340,French
4341,French
4342,French
4343,English
4344,French
4345,French
4346,Dutch
4347,French
4348,English
4349,French
4350,French
4351,English
4352,French
4353,French
4354,French
4355,Dutch
4356,French
4357,Dutch
4358,Dutch
4359,French
4360,French
4361,French
4362,French
4363,English
4364,English
4365,English
4366,English
4367,English
4368,French
4369,English
4370,English
4371,French
4372,English
4373,English
4374,French
4375,Dutch
4376,English
4377,English
4378,English
4379,English
4380,English
4381,French
4382,French
4383,French
4384,French
4385,Dutch
4386,French
4387,Dutch
4388,French
4389,French
4390,English
4391,English
4392,French
4393,English
4394,English
4395,French
4396,French
4397,French
4398,English
4399,French
4400,Dutch
4401,French
4402,French
4403,French
4404,French
4405,French
4406,English
4407,Dutch
4408,English
4409,English
4410,English
4411,French
4412,French
4413,French
4414,Dutch
4415,French
4416,English
4417,French
4418,French
4419,French
4420,French
4421,French
4422,French
4423,French
4424,French
4425,French
4426,Dutch
4427,Dutch
4428,Dutch
4429,French
4430,French
4431,French
4432,French
4433,French
4434,English
4435,English
4436,English
4437,English
4438,French
4439,French
4440,Dutch
4441,Dutch
4442,English
4443,English
4444,French
4445,French
4446,French
4447,French
4448,French
4449,English
4450,English
4451,English
4452,English
4453,French
4454,French
4455,French
4456,French
4457,French
4458,English
4459,French
4460,Dutch
4461,Dutch
4462,English
4463,English
4464,French
4465,French
4466,Dutch
4467,French
4468,French
4469,French
4470,French
4471,French
4472,English
4473,French
4474,French
4475,French
4476,French
4477,French
4478,French
4479,French
4480,French
4481,French
4482,French
4483,French
4484,English
4485,French
4486,French
4487,English
4488,English
4489,English
4490,English
4491,English
4492,French
4493,English
4494,English
4495,Dutch
4496,French
4497,Dutch
4498,Dutch
4499,English
4500,English
4501,French
4502,French
4503,English
4504,French
4505,French
4506,French
4507,French
4508,Dutch
4509,Dutch
4510,French
4511,French
4512,English
4513,French
4514,English
4515,English
4516,English
4517,English
4518,English
4519,French
4520,French
4521,French
4522,English
4523,Dutch
4524,English
4525,Dutch
4526,French
4527,English
4528,French
4529,English
4530,French
4531,French
4532,French
4533,French
4534,English
4535,English
4536,English
4537,French
4538,English
4539,French
4540,French
4541,French
4542,French
4543,French
4544,French
4545,French
4546,English
4547,French
4548,English
4549,English
4550,French
4551,French
4552,French
4553,English
4554,French
4555,French
4556,French
4557,English
4558,French
4559,French
4560,French
4561,French
4562,Dutch
4563,French
4564,Dutch
4565,English
4566,English
4567,English
4568,French
4569,French
4570,English
4571,English
4572,French
4573,French
4574,French
4575,French
4576,French
4577,French
4578,French
4579,French
4580,French
4581,French
4582,French
4583,French
4584,French
4585,French
4586,French
4587,French
4588,French
4589,French
4590,Dutch
4591,English
4592,French
4593,French
4594,English
4595,English
4596,English
4597,French
4598,French
4599,English
4600,Dutch
4601,Dutch
4602,French
4603,French
4604,French
4605,Dutch
4606,English
4607,French
4608,English
4609,French
4610,French
4611,French
4612,French
4613,French
4614,Dutch
4615,English
4616,English
4617,French
4618,French
4619,French
4620,French
4621,French
4622,French
4623,French
4624,French
4625,French
4626,English
4627,French
4628,French
4629,English
4630,English
4631,French
4632,French
4633,English
4634,French
4635,English
4636,French
4637,French
4638,French
4639,Dutch
4640,French
4641,French
4642,French
4643,English
4644,French
4645,Dutch
4646,French
4647,French
4648,French
4649,English
4650,French
4651,French
4652,English
4653,French
4654,French
4655,French
4656,English
4657,English
4658,Dutch
4659,German
4660,French
4661,English
4662,English
4663,French
4664,French
4665,French
4666,French
4667,French
4668,Dutch
4669,French
4670,French
4671,French
4672,English
4673,French
4674,French
4675,French
4676,French
4677,English
4678,French
4679,Dutch
4680,French
4681,French
4682,Dutch
4683,French
4684,English
4685,English
4686,English
4687,English
4688,English
4689,English
4690,French
4691,French
4692,French
4693,French
4694,French
4695,English
4696,English
4697,English
4698,French
4699,English
4700,Dutch
4701,English
4702,Dutch
4703,English
4704,English
4705,French
4706,French
4707,French
4708,French
4709,English
4710,French
4711,English
4712,English
4713,English
4714,English
4715,French
4716,French
4717,French
4718,English
4719,Dutch
4720,Dutch
4721,French
4722,French
4723,French
4724,English
4725,English
4726,French
4727,English
4728,English
4729,English
4730,French
4731,French
4732,French
4733,French
4734,Dutch
4735,English
4736,French
4737,English
4738,French
4739,English
4740,Dutch
4741,Dutch
4742,English
4743,French
4744,French
4745,French
4746,French
4747,French
4748,Dutch
4749,English
4750,French
4751,English
4752,English
4753,Dutch
4754,French
4755,French
4756,French
4757,Dutch
4758,French
4759,Dutch
4760,English
4761,French
4762,Dutch
4763,English
4764,English
4765,French
4766,French
4767,English
4768,French
4769,Dutch
4770,French
4771,French
4772,English
4773,English
4774,Dutch
4775,English
4776,English
4777,French
4778,Dutch
4779,French
4780,English
4781,French
4782,French
4783,French
4784,French
4785,French
4786,French
4787,French
4788,French
4789,Dutch
4790,English
4791,English
4792,English
4793,English
4794,French
4795,French
4796,French
4797,French
4798,French
4799,French
4800,French
4801,English
4802,English
4803,English
4804,Dutch
4805,English
4806,French
4807,French
4808,English
4809,Dutch
4810,French
4811,French
4812,French
4813,French
4814,English
4815,English
4816,French
4817,French
4818,French
4819,English
4820,English
4821,French
4822,Dutch
4823,English
4824,French
4825,French
4826,English
4827,French
4828,French
4829,French
4830,French
4831,French
4832,French
4833,Dutch
4834,French
4835,English
4836,French
4837,English
4838,French
4839,French
4840,Dutch
4841,French
4842,French
4843,English
4844,English
4845,French
4846,English
4847,French
4848,French
4849,French
4850,English
4851,French
4852,English
4853,Dutch
4854,French
4855,English
4856,English
4857,French
4858,French
4859,French
4860,French
4861,French
4862,French
4863,English
4864,French
4865,French
4866,French
4867,French
4868,French
4869,English
4870,French
4871,English
4872,French
4873,English
4874,Dutch
4875,French
4876,English
4877,French
4878,Dutch
4879,French
4880,French
4881,French
4882,English
4883,French
4884,English
4885,English
4886,French
4887,English
4888,English
4889,French
4890,English
4891,Dutch
4892,French
4893,Dutch
4894,French
4895,French
4896,English
4897,English
4898,English
4899,Dutch
4900,French
4901,French
4902,French
4903,French
4904,French
4905,French
4906,English
4907,English
4908,Dutch
4909,English
4910,English
4911,English
4912,French
4913,French
4914,French
4915,French
4916,English
4917,English
4918,French
4919,Dutch
4920,French
4921,French
4922,French
4923,French
4924,English
4925,French
4926,Dutch
4927,French
4928,English
4929,French
4930,English
4931,Dutch
4932,French
4933,French
4934,French
4935,English
4936,English
4937,French
4938,English
4939,French
4940,French
4941,English
4942,French
4943,French
4944,English
4945,French
4946,French
4947,English
4948,French
4949,English
4950,English
4951,French
4952,English
4953,French
4954,French
4955,English
4956,Dutch
4957,French
4958,French
4959,French
4960,French
4961,French
4962,French
4963,Dutch
4964,French
4965,Dutch
4966,English
4967,French
4968,English
4969,English
4970,French
4971,English
4972,French
4973,French
4974,English
4975,French
4976,English
4977,French
4978,French
4979,French
4980,French
4981,English
4982,French
4983,French
4984,Dutch
4985,French
4986,French
4987,Dutch
4988,French
4989,English
4990,French
4991,English
4992,English
4993,French
4994,Dutch
4995,French
4996,English
4997,Dutch
4998,French
4999,English
5000,German
5001,French
5002,French
5003,French
5004,German
5005,French
5006,English
5007,English
5008,French
5009,English
5010,English
5011,French
5012,French
5013,English
5014,Dutch
5015,French
5016,Dutch
5017,English
5018,English
5019,English
5020,English
5021,English
5022,Dutch
5023,French
5024,French
5025,French
5026,French
5027,English
5028,French
5029,French
5030,French
5031,French
5032,English
5033,French
5034,Dutch
5035,English
5036,French
5037,English
5038,French
5039,English
5040,English
5041,English
5042,English
5043,English
5044,English
5045,English
5046,English
5047,English
5048,English
5049,English
5050,English
5051,English
5052,English
5053,English
5054,English
5055,English
5056,English
5057,French
5058,French
5059,French
5060,French
5061,French
5062,English
5063,English
5064,English
5065,French
5066,German
5067,French
5068,French
5069,French
5070,French
5071,French
5072,English
5073,French
5074,English
5075,French
5076,French
5077,English
5078,French
5079,French
5080,French
5081,French
5082,French
5083,English
5084,French
5085,French
5086,German
5087,French
5088,English
5089,French
5090,French
5091,English
5092,French
5093,French
5094,French
5095,Dutch
5096,French
5097,English
5098,French
5099,French
5100,French
5101,English
5102,German
5103,French
5104,Dutch
5105,English
5106,English
5107,French
5108,English
5109,English
5110,French
5111,English
5112,French
5113,French
5114,English
5115,French
5116,French
5117,French
5118,English
5119,French
5120,French
5121,French
5122,English
5123,French
5124,French
5125,French
5126,French
5127,French
5128,French
5129,English
5130,French
5131,French
5132,French
5133,French
5134,French
5135,French
5136,English
5137,English
5138,English
5139,English
5140,English
5141,French
5142,Dutch
5143,Dutch
5144,Dutch
5145,Dutch
5146,Dutch
5147,Dutch
5148,Dutch
5149,Dutch
5150,French
5151,French
5152,French
5153,Dutch
5154,French
5155,French
5156,Dutch
5157,English
5158,French
5159,French
5160,French
5161,French
5162,French
5163,English
5164,French
5165,Dutch
5166,French
5167,French
5168,English
5169,French
5170,French
5171,French
5172,French
5173,French
5174,French
5175,French
5176,French
5177,French
5178,English
5179,French
5180,English
5181,French
5182,French
5183,English
5184,Dutch
5185,English
5186,French
5187,French
5188,French
5189,Dutch
5190,French
5191,Dutch
5192,French
5193,French
5194,French
5195,French
5196,French
5197,French
5198,French
5199,English
5200,English
5201,French
5202,French
5203,French
5204,French
5205,English
5206,French
5207,Dutch
5208,German
5209,Dutch
5210,French
5211,Dutch
5212,English
5213,English
5214,French
5215,French
5216,French
5217,English
5218,French
5219,French
5220,English
5221,English
5222,English
5223,English
5224,English
5225,French
5226,Dutch
5227,French
5228,French
5229,French
5230,English
5231,Dutch
5232,German
5233,French
5234,French
5235,English
5236,Dutch
5237,French
5238,French
5239,French
5240,French
5241,French
5242,French
5243,French
5244,French
5245,French
5246,French
5247,French
5248,English
5249,French
5250,French
5251,English
5252,French
5253,French
5254,French
5255,French
5256,English
5257,French
5258,French
5259,French
5260,French
5261,French
5262,French
5263,French
5264,French
5265,French
5266,French
5267,French
5268,English
5269,French
5270,Dutch
5271,French
5272,French
5273,English
5274,French
5275,English
5276,English
5277,French
5278,English
5279,English
5280,English
5281,French
5282,English
5283,French
5284,German
5285,English
5286,French
5287,German
5288,English
5289,French
5290,French
5291,English
5292,French
5293,English
5294,French
5295,French
5296,French
5297,French
5298,English
5299,French
5300,French
5301,English
5302,English
5303,French
5304,French
5305,Dutch
5306,English
5307,English
5308,French
5309,French
5310,French
5311,French
5312,Dutch
5313,French
5314,Dutch
5315,French
5316,French
5317,French
5318,French
5319,French
5320,French
5321,Dutch
5322,French
5323,French
5324,French
5325,French
5326,French
5327,French
5328,English
5329,English
5330,French
5331,English
5332,French
5333,French
5334,English
5335,English
5336,French
5337,French
5338,French
5339,French
5340,French
5341,French
5342,French
5343,French
5344,English
5345,French
5346,French
5347,French
5348,French
5349,French
5350,Dutch
5351,Dutch
5352,English
5353,French
5354,Dutch
5355,French
5356,French
5357,French
5358,French
5359,French
5360,English
5361,French
5362,French
5363,English
5364,English
5365,English
5366,English
5367,English
5368,French
5369,German
5370,English
5371,French
5372,French
5373,English
5374,French
5375,Dutch
5376,English
5377,French
5378,French
5379,English
5380,French
5381,German
5382,French
5383,French
5384,French
5385,French
5386,English
5387,French
5388,French
5389,French
5390,Dutch
5391,English
5392,French
5393,German
5394,English
5395,English
5396,English
5397,French
5398,French
5399,French
5400,English
5401,French
5402,French
5403,French
5404,French
5405,French
5406,French
5407,English
5408,French
5409,French
5410,English
5411,French
5412,French
5413,French
5414,French
5415,French
5416,French
5417,French
5418,Dutch
5419,French
5420,French
5421,English
5422,English
5423,English
5424,French
5425,French
5426,French
5427,French
5428,French
5429,French
5430,French
5431,French
5432,French
5433,English
5434,Dutch
5435,English
5436,French
5437,English
5438,French
5439,Dutch
5440,Dutch
5441,German
5442,French
5443,English
5444,French
5445,French
5446,English
5447,French
5448,Dutch
5449,English
5450,English
5451,English
5452,English
5453,French
5454,French
5455,English
5456,Dutch
5457,French
5458,English
5459,French
5460,English
5461,English
5462,English
5463,English
5464,French
5465,French
5466,French
5467,French
5468,English
5469,English
5470,English
5471,English
5472,English
5473,English
5474,English
5475,French
5476,English
5477,English
5478,English
5479,English
5480,English
5481,English
5482,English
5483,French
5484,English
5485,English
5486,French
5487,French
5488,French
5489,Dutch
5490,French
5491,English
5492,French
5493,French
5494,English
5495,French
5496,French
5497,French
5498,French
5499,French
5500,English
5501,Dutch
5502,Dutch
5503,French
5504,English
5505,Dutch
5506,English
5507,French
5508,French
5509,French
5510,French
5511,French
5512,French
5513,French
5514,Dutch
5515,French
5516,French
5517,French
5518,French
5519,French
5520,French
5521,Dutch
5522,French
5523,French
5524,French
5525,French
5526,French
5527,English
5528,English
5529,French
5530,English
5531,German
5532,Dutch
5533,English
5534,French
5535,French
5536,French
5537,English
5538,English
5539,English
5540,French
5541,English
5542,English
5543,French
5544,English
5545,French
5546,English
5547,English
5548,English
5549,French
5550,French
5551,French
5552,French
5553,English
5554,French
5555,French
5556,Dutch
5557,English
5558,Dutch
5559,French
5560,English
5561,French
5562,English
5563,French
5564,French
5565,English
5566,English
5567,English
5568,English
5569,English
5570,Dutch
5571,French
5572,Dutch
5573,Dutch
5574,English
5575,French
5576,French
5577,French
5578,French
5579,French
5580,French
5581,French
5582,French
5583,French
5584,French
5585,French
5586,French
5587,French
5588,French
5589,French
5590,French
5591,French
5592,English
5593,English
5594,English
5595,French
5596,Dutch
5597,French
5598,French
5599,French
5600,English
5601,French
5602,Dutch
5603,English
5604,English
5605,French
5606,Dutch
5607,French
5608,French
5609,French
5610,French
5611,French
5612,French
5613,French
5614,French
5615,English
5616,French
5617,French
5618,English
5619,French
5620,French
5621,French
5622,French
5623,French
5624,English
5625,French
5626,German
5627,French
5628,English
5629,English
5630,English
5631,English
5632,English
5633,Dutch
5634,Dutch
5635,Dutch
5636,French
5637,French
5638,Dutch
5639,French
5640,German
5641,English
5642,French
5643,English
5644,French
5645,French
5646,French
5647,English
5648,French
5649,English
5650,French
5651,German
5652,English
5653,French
5654,French
5655,French
5656,French
5657,English
5658,English
5659,French
5660,Dutch
5661,English
5662,English
5663,English
5664,English
5665,English
5666,Dutch
5667,French
5668,French
5669,English
5670,French
5671,French
5672,French
5673,French
5674,French
5675,French
5676,French
5677,Dutch
5678,English
5679,French
5680,French
5681,Dutch
5682,English
5683,French
5684,French
5685,French
5686,French
5687,French
5688,French
5689,Dutch
5690,French
5691,French
5692,French
5693,English
5694,English
5695,French
5696,French
5697,English
5698,Dutch
5699,French
5700,French
5701,French
5702,English
5703,French
5704,French
5705,English
5706,French
5707,Dutch
5708,French
5709,English
5710,German
5711,French
5712,French
5713,English
5714,English
5715,English
5716,Dutch
5717,English
5718,French
5719,English
5720,French
5721,French
5722,English
5723,French
5724,English
5725,English
5726,French
5727,French
5728,English
5729,French
5730,French
5731,French
5732,French
5733,English
5734,Dutch
5735,French
5736,English
5737,French
5738,Dutch
5739,English
5740,Dutch
5741,Dutch
5742,French
5743,French
5744,Dutch
5745,Dutch
5746,French
5747,French
5748,English
5749,English
5750,English
5751,French
5752,French
5753,French
5754,French
5755,English
5756,French
5757,French
5758,French
5759,English
5760,French
5761,English
5762,French
5763,French
5764,French
5765,French
5766,French
5767,French
5768,French
5769,French
5770,English
5771,English
5772,French
5773,French
5774,French
5775,French
5776,French
5777,English
5778,French
5779,French
5780,French
5781,French
5782,French
5783,French
5784,French
5785,French
5786,French
5787,French
5788,French
5789,French
5790,French
5791,French
5792,French
5793,French
5794,English
5795,English
5796,English
5797,French
5798,English
5799,English
5800,English
5801,Dutch
5802,French
5803,English
5804,English
5805,English
5806,French
5807,English
5808,English
5809,Dutch
5810,Dutch
5811,English
5812,French
5813,Dutch
5814,French
5815,French
5816,English
5817,French
5818,French
5819,French
5820,English
5821,French
5822,English
5823,French
5824,English
5825,French
5826,French
5827,Dutch
5828,German
5829,French
5830,Dutch
5831,English
5832,English
5833,French
5834,French
5835,French
5836,French
5837,French
5838,French
5839,French
5840,French
5841,French
5842,Dutch
5843,French
5844,French
5845,Dutch
5846,French
5847,French
5848,French
5849,German
5850,English
5851,English
5852,Dutch
5853,French
5854,French
5855,French
5856,French
5857,French
5858,French
5859,French
5860,English
5861,English
5862,English
5863,French
5864,French
5865,Dutch
5866,French
5867,French
5868,English
5869,Dutch
5870,English
5871,English
5872,French
5873,English
5874,Dutch
5875,French
5876,French
5877,French
5878,French
5879,French
5880,French
5881,French
5882,French
5883,French
5884,English
5885,English
5886,French
5887,English
5888,French
5889,French
5890,French
5891,Dutch
5892,Dutch
5893,Dutch
5894,English
5895,French
5896,English
5897,French
5898,French
5899,English
5900,French
5901,French
5902,French
5903,French
5904,French
5905,French
5906,French
5907,French
5908,French
5909,French
5910,Dutch
5911,French
5912,French
5913,French
5914,French
5915,French
5916,French
5917,French
5918,Dutch
5919,English
5920,English
5921,French
5922,English
5923,French
5924,English
5925,French
5926,French
5927,French
5928,French
5929,French
5930,French
5931,Dutch
5932,French
5933,French
5934,English
5935,English
5936,French
5937,English
5938,English
5939,French
5940,French
5941,French
5942,English
5943,English
5944,French
5945,French
5946,English
5947,English
5948,English
5949,English
5950,English
5951,English
5952,English
5953,English
5954,English
5955,English
5956,English
5957,English
5958,English
5959,English
5960,English
5961,English
5962,English
5963,French
5964,English
5965,Dutch
5966,Dutch
5967,Dutch
5968,French
5969,French
5970,French
5971,French
5972,French
5973,French
5974,French
5975,French
5976,Dutch
5977,French
5978,Dutch
5979,French
5980,Dutch
5981,French
5982,Dutch
5983,English
5984,English
5985,French
5986,French
5987,French
5988,French
5989,French
5990,English
5991,English
5992,French
5993,French
5994,Dutch
5995,English
5996,English
5997,French
5998,French
5999,French
6000,French
6001,French
6002,English
6003,French
6004,English
6005,English
6006,French
6007,French
6008,English
6009,English
6010,French
6011,French
6012,English
6013,English
6014,English
6015,Dutch
6016,French
6017,French
6018,French
6019,French
6020,English
6021,English
6022,Dutch
6023,French
6024,French
6025,English
6026,English
6027,Dutch
6028,French
6029,English
6030,English
6031,English
6032,English
6033,French
6034,English
6035,English
6036,English
6037,Dutch
6038,French
6039,English
6040,French
6041,English
6042,French
6043,French
6044,English
6045,French
6046,Dutch
6047,French
6048,French
6049,French
6050,English
6051,French
6052,French
6053,French
6054,English
6055,Dutch
6056,French
6057,French
6058,English
6059,Dutch
6060,French
6061,French
6062,French
6063,French
6064,French
6065,English
6066,English
6067,English
6068,French
6069,French
6070,English
6071,English
6072,English
6073,French
6074,French
6075,French
6076,French
6077,English
6078,English
6079,French
6080,Dutch
6081,Dutch
6082,Dutch
6083,English
6084,English
6085,English
6086,English
6087,English
6088,English
6089,English
6090,English
6091,English
6092,English
6093,English
6094,French
6095,English
6096,French
6097,English
6098,English
6099,French
6100,French
6101,Dutch
6102,French
6103,French
6104,English
6105,French
6106,Dutch
6107,Dutch
6108,French
6109,English
6110,Dutch
6111,French
6112,English
6113,English
6114,French
6115,English
6116,French
6117,French
6118,French
6119,French
6120,French
6121,French
6122,French
6123,French
6124,French
6125,French
6126,French
6127,French
6128,French
6129,French
6130,French
6131,French
6132,French
6133,Dutch
6134,French
6135,French
6136,French
6137,English
6138,English
6139,French
6140,Dutch
6141,French
6142,French
6143,French
6144,English
6145,German
6146,English
6147,French
6148,French
6149,French
6150,English
6151,English
6152,English
6153,English
6154,French
6155,German
6156,French
6157,English
6158,French
6159,English
6160,French
6161,French
6162,French
6163,French
6164,French
6165,French
6166,English
6167,English
6168,English
6169,Dutch
6170,English
6171,English
6172,Dutch
6173,English
6174,French
6175,French
6176,French
6177,French
6178,English
6179,English
6180,French
6181,French
6182,Dutch
6183,English
6184,English
6185,French
6186,French
6187,French
6188,French
6189,French
6190,French
6191,French
6192,French
6193,English
6194,English
6195,French
6196,French
6197,French
6198,French
6199,French
6200,French
6201,French
6202,French
6203,English
6204,French
6205,Dutch
6206,Dutch
6207,English
6208,French
6209,English
6210,English
6211,French
6212,French
6213,French
6214,Dutch
6215,English
6216,French
6217,English
6218,English
6219,French
6220,English
6221,French
6222,French
6223,French
6224,English
6225,English
6226,French
6227,English
6228,German
6229,French
6230,French
6231,French
6232,French
6233,French
6234,Dutch
6235,Dutch
6236,French
6237,French
6238,Dutch
6239,French
6240,French
6241,French
6242,French
6243,French
6244,English
6245,English
6246,French
6247,French
6248,English
6249,English
6250,English
6251,French
6252,Dutch
6253,English
6254,French
6255,English
6256,French
6257,French
6258,French
6259,English
6260,French
6261,French
6262,English
6263,English
6264,English
6265,French
6266,English
6267,French
6268,English
6269,French
6270,French
6271,French
6272,French
6273,French
6274,English
6275,English
6276,French
6277,Dutch
6278,French
6279,English
6280,French
6281,German
6282,English
6283,English
6284,French
6285,Dutch
6286,Dutch
6287,French
6288,English
6289,French
6290,French
6291,Dutch
6292,Dutch
6293,Dutch
6294,Dutch
6295,French
6296,English
6297,French
6298,French
6299,French
6300,Dutch
6301,French
6302,German
6303,French
6304,French
6305,English
6306,English
6307,French
6308,French
6309,English
6310,French
6311,French
6312,French
6313,French
6314,French
6315,French
6316,French
6317,French
6318,English
6319,English
6320,French
6321,French
6322,English
6323,French
6324,Dutch
6325,Dutch
6326,German
6327,German
6328,French
6329,French
6330,French
6331,French
6332,French
6333,French
6334,French
6335,French
6336,French
6337,French
6338,English
6339,English
6340,French
6341,French
6342,English
6343,English
6344,French
6345,English
6346,German
6347,English
6348,French
6349,Dutch
6350,French
6351,French
6352,French
6353,French
6354,French
6355,French
6356,English
6357,French
6358,French
6359,English
6360,Dutch
6361,Dutch
6362,English
6363,English
6364,Dutch
6365,French
6366,French
6367,French
6368,French
6369,Dutch
6370,French
6371,English
6372,French
6373,French
6374,French
6375,French
6376,French
6377,French
6378,Dutch
6379,English
6380,English
6381,English
6382,French
6383,French
6384,French
6385,French
6386,French
6387,English
6388,English
6389,French
6390,English
6391,French
6392,French
6393,French
6394,French
6395,English
6396,French
6397,French
6398,English
6399,French
6400,English
6401,English
6402,French
6403,French
6404,French
6405,French
6406,French
6407,French
6408,French
6409,English
6410,French
6411,French
6412,Dutch
6413,Dutch
6414,Dutch
6415,Dutch
6416,German
6417,French
6418,English
6419,English
6420,French
6421,French
6422,English
6423,French
6424,French
6425,English
6426,English
6427,English
6428,French
6429,French
6430,English
6431,French
6432,Dutch
6433,English
6434,French
6435,French
6436,French
6437,French
6438,English
6439,French
6440,English
6441,French
6442,French
6443,Dutch
6444,French
6445,Dutch
6446,French
6447,Dutch
6448,French
6449,French
6450,French
6451,French
6452,Dutch
6453,French
6454,French
6455,French
6456,Dutch
6457,German
6458,Dutch
6459,French
6460,French
6461,English
6462,English
6463,English
6464,Dutch
6465,French
6466,English
6467,English
6468,French
6469,Dutch
6470,French
6471,English
6472,French
6473,English
6474,English
6475,French
6476,English
6477,English
6478,English
6479,French
6480,French
6481,French
6482,English
6483,English
6484,English
6485,French
6486,Dutch
6487,French
6488,French
6489,French
6490,French
6491,French
6492,French
6493,English
6494,English
